{
    "confidence_score": 0.5209038853645325,
    "ptm": 0.39207860827445984,
    "iptm": 0.34980031847953796,
    "ligand_iptm": 0.0,
    "protein_iptm": 0.34980031847953796,
    "complex_plddt": 0.5636797547340393,
    "complex_iplddt": 0.5493018627166748,
    "complex_pde": 4.972558975219727,
    "complex_ipde": 6.482228755950928,
    "chains_ptm": {
        "0": 0.417837530374527,
        "1": 0.39894068241119385
    },
    "pair_chains_iptm": {
        "0": {
            "0": 0.417837530374527,
            "1": 0.32905837893486023
        },
        "1": {
            "0": 0.34980031847953796,
            "1": 0.39894068241119385
        }
    }
}