{
    "confidence_score": 0.5245909690856934,
    "ptm": 0.4304850101470947,
    "iptm": 0.4051198959350586,
    "ligand_iptm": 0.0,
    "protein_iptm": 0.4051198959350586,
    "complex_plddt": 0.554458737373352,
    "complex_iplddt": 0.5482743978500366,
    "complex_pde": 4.7283124923706055,
    "complex_ipde": 6.204331874847412,
    "chains_ptm": {
        "0": 0.44593918323516846,
        "1": 0.45245659351348877
    },
    "pair_chains_iptm": {
        "0": {
            "0": 0.44593918323516846,
            "1": 0.3756715655326843
        },
        "1": {
            "0": 0.4051198959350586,
            "1": 0.45245659351348877
        }
    }
}