{
    "confidence_score": 0.5151618719100952,
    "ptm": 0.5027045011520386,
    "iptm": 0.46537306904792786,
    "ligand_iptm": 0.0,
    "protein_iptm": 0.46537306904792786,
    "complex_plddt": 0.5276090502738953,
    "complex_iplddt": 0.5302178859710693,
    "complex_pde": 4.228137969970703,
    "complex_ipde": 5.573703289031982,
    "chains_ptm": {
        "0": 0.5268851518630981,
        "1": 0.5276169776916504
    },
    "pair_chains_iptm": {
        "0": {
            "0": 0.5268851518630981,
            "1": 0.46418631076812744
        },
        "1": {
            "0": 0.46537306904792786,
            "1": 0.5276169776916504
        }
    }
}