{
    "confidence_score": 0.5999738574028015,
    "ptm": 0.6485085487365723,
    "iptm": 0.34280863404273987,
    "ligand_iptm": 0.0,
    "protein_iptm": 0.34280863404273987,
    "complex_plddt": 0.6642650961875916,
    "complex_iplddt": 0.5844046473503113,
    "complex_pde": 1.6670951843261719,
    "complex_ipde": 6.299076557159424,
    "chains_ptm": {
        "0": 0.8475379347801208,
        "1": 0.4796355366706848
    },
    "pair_chains_iptm": {
        "0": {
            "0": 0.8475379347801208,
            "1": 0.34280863404273987
        },
        "1": {
            "0": 0.3337162733078003,
            "1": 0.4796355366706848
        }
    }
}