{
    "confidence_score": 0.6130425333976746,
    "ptm": 0.6771897673606873,
    "iptm": 0.35235595703125,
    "ligand_iptm": 0.0,
    "protein_iptm": 0.35235595703125,
    "complex_plddt": 0.6782141923904419,
    "complex_iplddt": 0.621390163898468,
    "complex_pde": 1.468888759613037,
    "complex_ipde": 6.186313629150391,
    "chains_ptm": {
        "0": 0.8811036348342896,
        "1": 0.5594491362571716
    },
    "pair_chains_iptm": {
        "0": {
            "0": 0.8811036348342896,
            "1": 0.35218873620033264
        },
        "1": {
            "0": 0.35235595703125,
            "1": 0.5594491362571716
        }
    }
}