{
    "confidence_score": 0.6359685063362122,
    "ptm": 0.7403022646903992,
    "iptm": 0.4909077286720276,
    "ligand_iptm": 0.0,
    "protein_iptm": 0.4909077286720276,
    "complex_plddt": 0.6722337007522583,
    "complex_iplddt": 0.6010679006576538,
    "complex_pde": 1.193844199180603,
    "complex_ipde": 5.144237995147705,
    "chains_ptm": {
        "0": 0.9091915488243103,
        "1": 0.6608073115348816
    },
    "pair_chains_iptm": {
        "0": {
            "0": 0.9091915488243103,
            "1": 0.4909077286720276
        },
        "1": {
            "0": 0.47787389159202576,
            "1": 0.6608073115348816
        }
    }
}