{
    "confidence_score": 0.618823230266571,
    "ptm": 0.6633449196815491,
    "iptm": 0.4178794324398041,
    "ligand_iptm": 0.0,
    "protein_iptm": 0.4178794324398041,
    "complex_plddt": 0.669059157371521,
    "complex_iplddt": 0.6019322276115417,
    "complex_pde": 1.5602691173553467,
    "complex_ipde": 5.700197219848633,
    "chains_ptm": {
        "0": 0.8249939680099487,
        "1": 0.5841360092163086
    },
    "pair_chains_iptm": {
        "0": {
            "0": 0.8249939680099487,
            "1": 0.3964982032775879
        },
        "1": {
            "0": 0.4178794324398041,
            "1": 0.5841360092163086
        }
    }
}