{
    "confidence_score": 0.5948264598846436,
    "ptm": 0.6434769630432129,
    "iptm": 0.2176680564880371,
    "ligand_iptm": 0.0,
    "protein_iptm": 0.2176680564880371,
    "complex_plddt": 0.6891160607337952,
    "complex_iplddt": 0.6713263988494873,
    "complex_pde": 1.7260440587997437,
    "complex_ipde": 9.423346519470215,
    "chains_ptm": {
        "0": 0.9143455624580383,
        "1": 0.6381728649139404
    },
    "pair_chains_iptm": {
        "0": {
            "0": 0.9143455624580383,
            "1": 0.20953890681266785
        },
        "1": {
            "0": 0.2176680564880371,
            "1": 0.6381728649139404
        }
    }
}