{
    "confidence_score": 0.9039546251296997,
    "ptm": 0.9317768812179565,
    "iptm": 0.6995350122451782,
    "ligand_iptm": 0.0,
    "protein_iptm": 0.6995350122451782,
    "complex_plddt": 0.9550595283508301,
    "complex_iplddt": 0.9282583594322205,
    "complex_pde": 0.4237649440765381,
    "complex_ipde": 2.2340691089630127,
    "chains_ptm": {
        "0": 0.9454056024551392,
        "1": 0.7795342206954956
    },
    "pair_chains_iptm": {
        "0": {
            "0": 0.9454056024551392,
            "1": 0.43080341815948486
        },
        "1": {
            "0": 0.6995350122451782,
            "1": 0.7795342206954956
        }
    }
}