{
    "confidence_score": 0.9179997444152832,
    "ptm": 0.9327631592750549,
    "iptm": 0.7671232223510742,
    "ligand_iptm": 0.0,
    "protein_iptm": 0.7671232223510742,
    "complex_plddt": 0.9557188749313354,
    "complex_iplddt": 0.9321949481964111,
    "complex_pde": 0.4025976061820984,
    "complex_ipde": 1.7236297130584717,
    "chains_ptm": {
        "0": 0.9426838755607605,
        "1": 0.845634400844574
    },
    "pair_chains_iptm": {
        "0": {
            "0": 0.9426838755607605,
            "1": 0.5405781269073486
        },
        "1": {
            "0": 0.7671232223510742,
            "1": 0.845634400844574
        }
    }
}