{
    "confidence_score": 0.9194864630699158,
    "ptm": 0.9285475015640259,
    "iptm": 0.7592388987541199,
    "ligand_iptm": 0.0,
    "protein_iptm": 0.7592388987541199,
    "complex_plddt": 0.95954829454422,
    "complex_iplddt": 0.938245952129364,
    "complex_pde": 0.41910070180892944,
    "complex_ipde": 1.819129228591919,
    "chains_ptm": {
        "0": 0.9387418031692505,
        "1": 0.8481345772743225
    },
    "pair_chains_iptm": {
        "0": {
            "0": 0.9387418031692505,
            "1": 0.5225142240524292
        },
        "1": {
            "0": 0.7592388987541199,
            "1": 0.8481345772743225
        }
    }
}