{
    "confidence_score": 0.8258042335510254,
    "ptm": 0.9371416568756104,
    "iptm": 0.5916423201560974,
    "ligand_iptm": 0.0,
    "protein_iptm": 0.5916423201560974,
    "complex_plddt": 0.8843446969985962,
    "complex_iplddt": 0.847655177116394,
    "complex_pde": 0.4503138065338135,
    "complex_ipde": 2.9908084869384766,
    "chains_ptm": {
        "0": 0.9520355463027954,
        "1": 0.8587465286254883
    },
    "pair_chains_iptm": {
        "0": {
            "0": 0.9520355463027954,
            "1": 0.3174380660057068
        },
        "1": {
            "0": 0.5916423201560974,
            "1": 0.8587465286254883
        }
    }
}