{
    "confidence_score": 0.8129903674125671,
    "ptm": 0.9106671810150146,
    "iptm": 0.4913884103298187,
    "ligand_iptm": 0.0,
    "protein_iptm": 0.4913884103298187,
    "complex_plddt": 0.8933908343315125,
    "complex_iplddt": 0.8439697027206421,
    "complex_pde": 0.5527758598327637,
    "complex_ipde": 3.7489495277404785,
    "chains_ptm": {
        "0": 0.9287132620811462,
        "1": 0.8217155933380127
    },
    "pair_chains_iptm": {
        "0": {
            "0": 0.9287132620811462,
            "1": 0.22548094391822815
        },
        "1": {
            "0": 0.4913884103298187,
            "1": 0.8217155933380127
        }
    }
}