{
    "confidence_score": 0.841128945350647,
    "ptm": 0.9423502683639526,
    "iptm": 0.6123744249343872,
    "ligand_iptm": 0.0,
    "protein_iptm": 0.6123744249343872,
    "complex_plddt": 0.8983175754547119,
    "complex_iplddt": 0.8773073554039001,
    "complex_pde": 0.4276076853275299,
    "complex_ipde": 2.9127182960510254,
    "chains_ptm": {
        "0": 0.9562849998474121,
        "1": 0.8624398708343506
    },
    "pair_chains_iptm": {
        "0": {
            "0": 0.9562849998474121,
            "1": 0.33819323778152466
        },
        "1": {
            "0": 0.6123744249343872,
            "1": 0.8624398708343506
        }
    }
}