{
    "confidence_score": 0.6797989010810852,
    "ptm": 0.6617291569709778,
    "iptm": 0.650021493434906,
    "ligand_iptm": 0.0,
    "protein_iptm": 0.650021493434906,
    "complex_plddt": 0.6872432231903076,
    "complex_iplddt": 0.6860886812210083,
    "complex_pde": 3.0631067752838135,
    "complex_ipde": 4.209798336029053,
    "chains_ptm": {
        "0": 0.6789864897727966,
        "1": 0.6809451580047607
    },
    "pair_chains_iptm": {
        "0": {
            "0": 0.6789864897727966,
            "1": 0.650021493434906
        },
        "1": {
            "0": 0.6141977310180664,
            "1": 0.6809451580047607
        }
    }
}