{
    "confidence_score": 0.5616077780723572,
    "ptm": 0.4849347770214081,
    "iptm": 0.4630313515663147,
    "ligand_iptm": 0.0,
    "protein_iptm": 0.4630313515663147,
    "complex_plddt": 0.5862519145011902,
    "complex_iplddt": 0.5716489553451538,
    "complex_pde": 4.4117608070373535,
    "complex_ipde": 5.964284420013428,
    "chains_ptm": {
        "0": 0.5030462741851807,
        "1": 0.5241914987564087
    },
    "pair_chains_iptm": {
        "0": {
            "0": 0.5030462741851807,
            "1": 0.4630313515663147
        },
        "1": {
            "0": 0.43719685077667236,
            "1": 0.5241914987564087
        }
    }
}