{
    "confidence_score": 0.6541535258293152,
    "ptm": 0.6306741237640381,
    "iptm": 0.6022526025772095,
    "ligand_iptm": 0.0,
    "protein_iptm": 0.6022526025772095,
    "complex_plddt": 0.6671288013458252,
    "complex_iplddt": 0.6490595936775208,
    "complex_pde": 3.3530261516571045,
    "complex_ipde": 4.673951148986816,
    "chains_ptm": {
        "0": 0.6640662550926208,
        "1": 0.6719180941581726
    },
    "pair_chains_iptm": {
        "0": {
            "0": 0.6640662550926208,
            "1": 0.5975124835968018
        },
        "1": {
            "0": 0.6022526025772095,
            "1": 0.6719180941581726
        }
    }
}