{
    "confidence_score": 0.720450758934021,
    "ptm": 0.7158732414245605,
    "iptm": 0.6308000087738037,
    "ligand_iptm": 0.0,
    "protein_iptm": 0.6308000087738037,
    "complex_plddt": 0.7428634166717529,
    "complex_iplddt": 0.7087987661361694,
    "complex_pde": 1.5729552507400513,
    "complex_ipde": 5.726861476898193,
    "chains_ptm": {
        "0": 0.9024887681007385,
        "1": 0.49172720313072205
    },
    "pair_chains_iptm": {
        "0": {
            "0": 0.9024887681007385,
            "1": 0.6308000087738037
        },
        "1": {
            "0": 0.4330618977546692,
            "1": 0.49172720313072205
        }
    }
}