{
    "confidence_score": 0.6879045367240906,
    "ptm": 0.6817582845687866,
    "iptm": 0.5034828186035156,
    "ligand_iptm": 0.0,
    "protein_iptm": 0.5034828186035156,
    "complex_plddt": 0.7340099215507507,
    "complex_iplddt": 0.6990656852722168,
    "complex_pde": 1.6563363075256348,
    "complex_ipde": 6.718419551849365,
    "chains_ptm": {
        "0": 0.888344407081604,
        "1": 0.46209782361984253
    },
    "pair_chains_iptm": {
        "0": {
            "0": 0.888344407081604,
            "1": 0.5034828186035156
        },
        "1": {
            "0": 0.36481156945228577,
            "1": 0.46209782361984253
        }
    }
}