{
    "confidence_score": 0.6664437651634216,
    "ptm": 0.6719026565551758,
    "iptm": 0.4888855516910553,
    "ligand_iptm": 0.0,
    "protein_iptm": 0.4888855516910553,
    "complex_plddt": 0.7108332514762878,
    "complex_iplddt": 0.6638672947883606,
    "complex_pde": 1.756855845451355,
    "complex_ipde": 7.081121444702148,
    "chains_ptm": {
        "0": 0.8982698917388916,
        "1": 0.41346338391304016
    },
    "pair_chains_iptm": {
        "0": {
            "0": 0.8982698917388916,
            "1": 0.4888855516910553
        },
        "1": {
            "0": 0.31762978434562683,
            "1": 0.41346338391304016
        }
    }
}