{
    "confidence_score": 0.6825053095817566,
    "ptm": 0.664398193359375,
    "iptm": 0.4864267110824585,
    "ligand_iptm": 0.0,
    "protein_iptm": 0.4864267110824585,
    "complex_plddt": 0.7315250039100647,
    "complex_iplddt": 0.6853660941123962,
    "complex_pde": 1.7535293102264404,
    "complex_ipde": 6.9703826904296875,
    "chains_ptm": {
        "0": 0.8784433603286743,
        "1": 0.44372373819351196
    },
    "pair_chains_iptm": {
        "0": {
            "0": 0.8784433603286743,
            "1": 0.4864267110824585
        },
        "1": {
            "0": 0.33489686250686646,
            "1": 0.44372373819351196
        }
    }
}