{
    "confidence_score": 0.8957133293151855,
    "ptm": 0.955385148525238,
    "iptm": 0.8417938351631165,
    "ligand_iptm": 0.0,
    "protein_iptm": 0.8417938351631165,
    "complex_plddt": 0.909193217754364,
    "complex_iplddt": 0.8406307101249695,
    "complex_pde": 0.35021916031837463,
    "complex_ipde": 1.3592815399169922,
    "chains_ptm": {
        "0": 0.9630320072174072,
        "1": 0.8904726505279541
    },
    "pair_chains_iptm": {
        "0": {
            "0": 0.9630320072174072,
            "1": 0.6265772581100464
        },
        "1": {
            "0": 0.8417938351631165,
            "1": 0.8904726505279541
        }
    }
}