{
    "confidence_score": 0.888130784034729,
    "ptm": 0.9519058465957642,
    "iptm": 0.8237729072570801,
    "ligand_iptm": 0.0,
    "protein_iptm": 0.8237729072570801,
    "complex_plddt": 0.9042202830314636,
    "complex_iplddt": 0.8281145691871643,
    "complex_pde": 0.3605625033378601,
    "complex_ipde": 1.4847468137741089,
    "chains_ptm": {
        "0": 0.9601638317108154,
        "1": 0.9053129553794861
    },
    "pair_chains_iptm": {
        "0": {
            "0": 0.9601638317108154,
            "1": 0.6176997423171997
        },
        "1": {
            "0": 0.8237729072570801,
            "1": 0.9053129553794861
        }
    }
}