{
    "confidence_score": 0.8707233667373657,
    "ptm": 0.9524762630462646,
    "iptm": 0.7669806480407715,
    "ligand_iptm": 0.0,
    "protein_iptm": 0.7669806480407715,
    "complex_plddt": 0.8966590166091919,
    "complex_iplddt": 0.8248119950294495,
    "complex_pde": 0.37143298983573914,
    "complex_ipde": 1.8800456523895264,
    "chains_ptm": {
        "0": 0.963525116443634,
        "1": 0.9016304016113281
    },
    "pair_chains_iptm": {
        "0": {
            "0": 0.963525116443634,
            "1": 0.5394998788833618
        },
        "1": {
            "0": 0.7669806480407715,
            "1": 0.9016304016113281
        }
    }
}