{
    "confidence_score": 0.7810297608375549,
    "ptm": 0.9207736849784851,
    "iptm": 0.4984927773475647,
    "ligand_iptm": 0.0,
    "protein_iptm": 0.4984927773475647,
    "complex_plddt": 0.8516640067100525,
    "complex_iplddt": 0.7980283498764038,
    "complex_pde": 0.5222126245498657,
    "complex_ipde": 3.593501091003418,
    "chains_ptm": {
        "0": 0.9443619251251221,
        "1": 0.8119256496429443
    },
    "pair_chains_iptm": {
        "0": {
            "0": 0.9443619251251221,
            "1": 0.24648448824882507
        },
        "1": {
            "0": 0.4984927773475647,
            "1": 0.8119256496429443
        }
    }
}