{
    "confidence_score": 0.8073410391807556,
    "ptm": 0.9333254098892212,
    "iptm": 0.57041335105896,
    "ligand_iptm": 0.0,
    "protein_iptm": 0.57041335105896,
    "complex_plddt": 0.8665728569030762,
    "complex_iplddt": 0.8008552193641663,
    "complex_pde": 0.4686282277107239,
    "complex_ipde": 3.056025266647339,
    "chains_ptm": {
        "0": 0.9525525569915771,
        "1": 0.817997932434082
    },
    "pair_chains_iptm": {
        "0": {
            "0": 0.9525525569915771,
            "1": 0.2864493727684021
        },
        "1": {
            "0": 0.57041335105896,
            "1": 0.817997932434082
        }
    }
}