{
    "confidence_score": 0.7667650580406189,
    "ptm": 0.8945710062980652,
    "iptm": 0.4385613799095154,
    "ligand_iptm": 0.0,
    "protein_iptm": 0.4385613799095154,
    "complex_plddt": 0.84881591796875,
    "complex_iplddt": 0.7971820831298828,
    "complex_pde": 0.5950639247894287,
    "complex_ipde": 3.9257757663726807,
    "chains_ptm": {
        "0": 0.9198479056358337,
        "1": 0.7910323143005371
    },
    "pair_chains_iptm": {
        "0": {
            "0": 0.9198479056358337,
            "1": 0.1972159445285797
        },
        "1": {
            "0": 0.4385613799095154,
            "1": 0.7910323143005371
        }
    }
}