{
    "confidence_score": 0.6172053217887878,
    "ptm": 0.554578959941864,
    "iptm": 0.41933244466781616,
    "ligand_iptm": 0.0,
    "protein_iptm": 0.41933244466781616,
    "complex_plddt": 0.6666735410690308,
    "complex_iplddt": 0.5885415077209473,
    "complex_pde": 2.053368091583252,
    "complex_ipde": 7.325486183166504,
    "chains_ptm": {
        "0": 0.7419704794883728,
        "1": 0.454403817653656
    },
    "pair_chains_iptm": {
        "0": {
            "0": 0.7419704794883728,
            "1": 0.41933244466781616
        },
        "1": {
            "0": 0.2818138599395752,
            "1": 0.454403817653656
        }
    }
}