{
    "confidence_score": 0.5926808714866638,
    "ptm": 0.45467397570610046,
    "iptm": 0.21133913099765778,
    "ligand_iptm": 0.0,
    "protein_iptm": 0.21133913099765778,
    "complex_plddt": 0.6880162358283997,
    "complex_iplddt": 0.6580796837806702,
    "complex_pde": 2.3176839351654053,
    "complex_ipde": 9.013345718383789,
    "chains_ptm": {
        "0": 0.655777096748352,
        "1": 0.4495498239994049
    },
    "pair_chains_iptm": {
        "0": {
            "0": 0.655777096748352,
            "1": 0.21133913099765778
        },
        "1": {
            "0": 0.17715615034103394,
            "1": 0.4495498239994049
        }
    }
}