{
    "confidence_score": 0.5880699157714844,
    "ptm": 0.5024791955947876,
    "iptm": 0.2673700749874115,
    "ligand_iptm": 0.0,
    "protein_iptm": 0.2673700749874115,
    "complex_plddt": 0.6682448983192444,
    "complex_iplddt": 0.6148435473442078,
    "complex_pde": 2.1759207248687744,
    "complex_ipde": 8.511512756347656,
    "chains_ptm": {
        "0": 0.7111427187919617,
        "1": 0.4593592882156372
    },
    "pair_chains_iptm": {
        "0": {
            "0": 0.7111427187919617,
            "1": 0.2673700749874115
        },
        "1": {
            "0": 0.21144425868988037,
            "1": 0.4593592882156372
        }
    }
}