{
    "confidence_score": 0.9008380770683289,
    "ptm": 0.9523968696594238,
    "iptm": 0.7596694827079773,
    "ligand_iptm": 0.0,
    "protein_iptm": 0.7596694827079773,
    "complex_plddt": 0.9361302256584167,
    "complex_iplddt": 0.9210273623466492,
    "complex_pde": 0.36125442385673523,
    "complex_ipde": 2.066775321960449,
    "chains_ptm": {
        "0": 0.9613234400749207,
        "1": 0.9056527614593506
    },
    "pair_chains_iptm": {
        "0": {
            "0": 0.9613234400749207,
            "1": 0.47630658745765686
        },
        "1": {
            "0": 0.7596694827079773,
            "1": 0.9056527614593506
        }
    }
}