{
    "confidence_score": 0.9010809063911438,
    "ptm": 0.9546595215797424,
    "iptm": 0.7664266228675842,
    "ligand_iptm": 0.0,
    "protein_iptm": 0.7664266228675842,
    "complex_plddt": 0.9347444772720337,
    "complex_iplddt": 0.9165408611297607,
    "complex_pde": 0.35736867785453796,
    "complex_ipde": 2.030782699584961,
    "chains_ptm": {
        "0": 0.9633868932723999,
        "1": 0.9165394306182861
    },
    "pair_chains_iptm": {
        "0": {
            "0": 0.9633868932723999,
            "1": 0.5110166668891907
        },
        "1": {
            "0": 0.7664266228675842,
            "1": 0.9165394306182861
        }
    }
}