{
    "confidence_score": 0.9013668894767761,
    "ptm": 0.9556671977043152,
    "iptm": 0.819916307926178,
    "ligand_iptm": 0.0,
    "protein_iptm": 0.819916307926178,
    "complex_plddt": 0.9217295050621033,
    "complex_iplddt": 0.9036489129066467,
    "complex_pde": 0.33763471245765686,
    "complex_ipde": 1.6156377792358398,
    "chains_ptm": {
        "0": 0.9622359275817871,
        "1": 0.9138941764831543
    },
    "pair_chains_iptm": {
        "0": {
            "0": 0.9622359275817871,
            "1": 0.5326189994812012
        },
        "1": {
            "0": 0.819916307926178,
            "1": 0.9138941764831543
        }
    }
}