{
    "confidence_score": 0.4821271598339081,
    "ptm": 0.4622560441493988,
    "iptm": 0.43482881784439087,
    "ligand_iptm": 0.0,
    "protein_iptm": 0.43482881784439087,
    "complex_plddt": 0.4939517378807068,
    "complex_iplddt": 0.47127068042755127,
    "complex_pde": 4.790737152099609,
    "complex_ipde": 6.2586140632629395,
    "chains_ptm": {
        "0": 0.48075512051582336,
        "1": 0.5008265972137451
    },
    "pair_chains_iptm": {
        "0": {
            "0": 0.48075512051582336,
            "1": 0.4333919584751129
        },
        "1": {
            "0": 0.43482881784439087,
            "1": 0.5008265972137451
        }
    }
}