{
    "confidence_score": 0.5692853331565857,
    "ptm": 0.6429290771484375,
    "iptm": 0.6182435154914856,
    "ligand_iptm": 0.0,
    "protein_iptm": 0.6182435154914856,
    "complex_plddt": 0.5570458173751831,
    "complex_iplddt": 0.5377286672592163,
    "complex_pde": 3.5623507499694824,
    "complex_ipde": 4.916102886199951,
    "chains_ptm": {
        "0": 0.6636847257614136,
        "1": 0.69263756275177
    },
    "pair_chains_iptm": {
        "0": {
            "0": 0.6636847257614136,
            "1": 0.6181114315986633
        },
        "1": {
            "0": 0.6182435154914856,
            "1": 0.69263756275177
        }
    }
}