{
    "confidence_score": 0.44528672099113464,
    "ptm": 0.47745072841644287,
    "iptm": 0.4687340259552002,
    "ligand_iptm": 0.0,
    "protein_iptm": 0.4687340259552002,
    "complex_plddt": 0.43942487239837646,
    "complex_iplddt": 0.42509210109710693,
    "complex_pde": 4.693192958831787,
    "complex_ipde": 6.130636692047119,
    "chains_ptm": {
        "0": 0.46041613817214966,
        "1": 0.5520616769790649
    },
    "pair_chains_iptm": {
        "0": {
            "0": 0.46041613817214966,
            "1": 0.4307636618614197
        },
        "1": {
            "0": 0.4687340259552002,
            "1": 0.5520616769790649
        }
    }
}