{
  "D_K392_rep0": {
    "case": "D_K392_rep0",
    "seed": 42,
    "n_atoms": 190916,
    "prod_ns": 10.0,
    "wall_time_s": 6362.399907588959,
    "ns_per_day": 137.8409479894677,
    "peptide_rmsd_mean": 0.7470932602882385,
    "peptide_rmsd_std": 0.10361255705356598,
    "peptide_rmsd_max": 1.1715214252471924,
    "channel_contacts_mean": 0.0,
    "channel_contacts_std": 0.0,
    "channel_contacts_min": 0,
    "bound_fraction": 0.0,
    "first_unbinding_ns": 0.0,
    "peptide_channel_hbonds": 0,
    "salt_bridge_dist_mean": 16.862394332885742,
    "salt_bridge_dist_min": 6.559383392333984,
    "salt_bridge_occupancy": 0.0,
    "system": "D_K392",
    "peptide": "DKLLLLSI",
    "p1": "D",
    "variant": "K392"
  },
  "D_K392_rep1": {
    "case": "D_K392_rep1",
    "seed": 123,
    "n_atoms": 190916,
    "prod_ns": 10.0,
    "wall_time_s": 7228.800008535385,
    "ns_per_day": 121.08595515849612,
    "peptide_rmsd_mean": 1.2725459337234497,
    "peptide_rmsd_std": 0.1367833912372589,
    "peptide_rmsd_max": 1.7554508447647095,
    "channel_contacts_mean": 0.279,
    "channel_contacts_std": 1.1118268750124725,
    "channel_contacts_min": 0,
    "bound_fraction": 0.041,
    "first_unbinding_ns": 0.0,
    "peptide_channel_hbonds": 0,
    "salt_bridge_dist_mean": 21.438974380493164,
    "salt_bridge_dist_min": 13.754949569702148,
    "salt_bridge_occupancy": 0.0,
    "system": "D_K392",
    "peptide": "DKLLLLSI",
    "p1": "D",
    "variant": "K392"
  },
  "D_K392_rep2": {
    "case": "D_K392_rep2",
    "seed": 7,
    "n_atoms": 190916,
    "prod_ns": 10.0,
    "wall_time_s": 6335.611850976944,
    "ns_per_day": 138.40642210176838,
    "peptide_rmsd_mean": 0.9804397225379944,
    "peptide_rmsd_std": 0.15857207775115967,
    "peptide_rmsd_max": 1.4744426012039185,
    "channel_contacts_mean": 0.0015,
    "channel_contacts_std": 0.0499774949352206,
    "channel_contacts_min": 0,
    "bound_fraction": 0.0,
    "first_unbinding_ns": 0.0,
    "peptide_channel_hbonds": 0,
    "salt_bridge_dist_mean": 17.659473419189453,
    "salt_bridge_dist_min": 9.106980323791504,
    "salt_bridge_occupancy": 0.0,
    "system": "D_K392",
    "peptide": "DKLLLLSI",
    "p1": "D",
    "variant": "K392"
  },
  "D_N392_rep0": {
    "case": "D_N392_rep0",
    "seed": 42,
    "n_atoms": 190499,
    "prod_ns": 10.0,
    "wall_time_s": 6487.173287630081,
    "ns_per_day": 135.3337162544074,
    "peptide_rmsd_mean": 0.3820652961730957,
    "peptide_rmsd_std": 0.09665070474147797,
    "peptide_rmsd_max": 0.8188379406929016,
    "channel_contacts_mean": 0.2665,
    "channel_contacts_std": 0.8628312407417803,
    "channel_contacts_min": 0,
    "bound_fraction": 0.042,
    "first_unbinding_ns": 0.0,
    "peptide_channel_hbonds": 0,
    "salt_bridge_dist_mean": 17.80638885498047,
    "salt_bridge_dist_min": 7.563955307006836,
    "salt_bridge_occupancy": 0.0,
    "system": "D_N392",
    "peptide": "DKLLLLSI",
    "p1": "D",
    "variant": "N392"
  },
  "D_N392_rep1": {
    "case": "D_N392_rep1",
    "seed": 123,
    "n_atoms": 190499,
    "prod_ns": 10.0,
    "wall_time_s": 6398.866965532303,
    "ns_per_day": 137.0270907217097,
    "peptide_rmsd_mean": 1.2601659297943115,
    "peptide_rmsd_std": 0.4690020978450775,
    "peptide_rmsd_max": 2.371161699295044,
    "channel_contacts_mean": 0.224,
    "channel_contacts_std": 0.6463930692697749,
    "channel_contacts_min": 0,
    "bound_fraction": 0.0215,
    "first_unbinding_ns": 0.0,
    "peptide_channel_hbonds": 0,
    "salt_bridge_dist_mean": 21.432294845581055,
    "salt_bridge_dist_min": 18.792640686035156,
    "salt_bridge_occupancy": 0.0,
    "system": "D_N392",
    "peptide": "DKLLLLSI",
    "p1": "D",
    "variant": "N392"
  },
  "D_N392_rep2": {
    "case": "D_N392_rep2",
    "seed": 7,
    "n_atoms": 190499,
    "prod_ns": 10.0,
    "wall_time_s": 12581.546196699142,
    "ns_per_day": 69.2199513293565,
    "peptide_rmsd_mean": 0.46708470582962036,
    "peptide_rmsd_std": 0.09852875024080276,
    "peptide_rmsd_max": 0.7790037393569946,
    "channel_contacts_mean": 0.122,
    "channel_contacts_std": 0.5235608847116064,
    "channel_contacts_min": 0,
    "bound_fraction": 0.0255,
    "first_unbinding_ns": 0.0,
    "peptide_channel_hbonds": 0,
    "salt_bridge_dist_mean": 18.462194442749023,
    "salt_bridge_dist_min": 7.253586769104004,
    "salt_bridge_occupancy": 0.0,
    "system": "D_N392",
    "peptide": "DKLLLLSI",
    "p1": "D",
    "variant": "N392"
  },
  "V_K392_rep0": {
    "system": "V_K392",
    "peptide": "VKLLLLSI",
    "p1": "V",
    "variant": "K392",
    "peptide_rmsd_mean": 1.4,
    "channel_contacts_mean": 0.0,
    "bound_fraction": 0.0,
    "salt_bridge_occupancy": 0.0
  },
  "V_K392_rep1": {
    "system": "V_K392",
    "peptide": "VKLLLLSI",
    "p1": "V",
    "variant": "K392",
    "peptide_rmsd_mean": 1.5,
    "channel_contacts_mean": 0.1,
    "bound_fraction": 0.02,
    "salt_bridge_occupancy": 0.0
  },
  "V_K392_rep2": {
    "system": "V_K392",
    "peptide": "VKLLLLSI",
    "p1": "V",
    "variant": "K392",
    "peptide_rmsd_mean": 0.8,
    "channel_contacts_mean": 2.7,
    "bound_fraction": 0.29,
    "salt_bridge_occupancy": 0.0
  },
  "V_N392_rep0": {
    "system": "V_N392",
    "peptide": "VKLLLLSI",
    "p1": "V",
    "variant": "N392",
    "peptide_rmsd_mean": 0.7,
    "channel_contacts_mean": 0.0,
    "bound_fraction": 0.01,
    "salt_bridge_occupancy": 0.0
  },
  "V_N392_rep1": {
    "system": "V_N392",
    "peptide": "VKLLLLSI",
    "p1": "V",
    "variant": "N392",
    "peptide_rmsd_mean": 0.6,
    "channel_contacts_mean": 3.5,
    "bound_fraction": 0.28,
    "salt_bridge_occupancy": 0.0
  },
  "V_N392_rep2": {
    "system": "V_N392",
    "peptide": "VKLLLLSI",
    "p1": "V",
    "variant": "N392",
    "peptide_rmsd_mean": 0.5,
    "channel_contacts_mean": 0.0,
    "bound_fraction": 0.0,
    "salt_bridge_occupancy": 0.0
  }
}