{
    "confidence_score": 0.6998185515403748,
    "ptm": 0.6516449451446533,
    "iptm": 0.6041806936264038,
    "ligand_iptm": 0.0,
    "protein_iptm": 0.6041806936264038,
    "complex_plddt": 0.7237279415130615,
    "complex_iplddt": 0.6869844198226929,
    "complex_pde": 1.9128727912902832,
    "complex_ipde": 5.584662437438965,
    "chains_ptm": {
        "0": 0.7653603553771973,
        "1": 0.5201736688613892
    },
    "pair_chains_iptm": {
        "0": {
            "0": 0.7653603553771973,
            "1": 0.6041806936264038
        },
        "1": {
            "0": 0.4890117943286896,
            "1": 0.5201736688613892
        }
    }
}