{
    "confidence_score": 0.7491571307182312,
    "ptm": 0.8262807130813599,
    "iptm": 0.8121901750564575,
    "ligand_iptm": 0.0,
    "protein_iptm": 0.8121901750564575,
    "complex_plddt": 0.7333988547325134,
    "complex_iplddt": 0.6910096406936646,
    "complex_pde": 1.0968928337097168,
    "complex_ipde": 3.278616428375244,
    "chains_ptm": {
        "0": 0.9093440175056458,
        "1": 0.6972774863243103
    },
    "pair_chains_iptm": {
        "0": {
            "0": 0.9093440175056458,
            "1": 0.8121901750564575
        },
        "1": {
            "0": 0.7047387361526489,
            "1": 0.6972774863243103
        }
    }
}