{
    "confidence_score": 0.7075206637382507,
    "ptm": 0.6452995538711548,
    "iptm": 0.5950935482978821,
    "ligand_iptm": 0.0,
    "protein_iptm": 0.5950935482978821,
    "complex_plddt": 0.7356274127960205,
    "complex_iplddt": 0.7199270129203796,
    "complex_pde": 1.748903512954712,
    "complex_ipde": 4.920738220214844,
    "chains_ptm": {
        "0": 0.7402209639549255,
        "1": 0.5489010810852051
    },
    "pair_chains_iptm": {
        "0": {
            "0": 0.7402209639549255,
            "1": 0.5950935482978821
        },
        "1": {
            "0": 0.5063535571098328,
            "1": 0.5489010810852051
        }
    }
}