{
    "confidence_score": 0.7327396869659424,
    "ptm": 0.7283381223678589,
    "iptm": 0.6911048293113708,
    "ligand_iptm": 0.0,
    "protein_iptm": 0.6911048293113708,
    "complex_plddt": 0.7431483864784241,
    "complex_iplddt": 0.7022805213928223,
    "complex_pde": 1.5553224086761475,
    "complex_ipde": 4.4558329582214355,
    "chains_ptm": {
        "0": 0.8174178600311279,
        "1": 0.6150550246238708
    },
    "pair_chains_iptm": {
        "0": {
            "0": 0.8174178600311279,
            "1": 0.6911048293113708
        },
        "1": {
            "0": 0.6072659492492676,
            "1": 0.6150550246238708
        }
    }
}