{
    "confidence_score": 0.7112495303153992,
    "ptm": 0.6676617860794067,
    "iptm": 0.6165029406547546,
    "ligand_iptm": 0.0,
    "protein_iptm": 0.6165029406547546,
    "complex_plddt": 0.7349361777305603,
    "complex_iplddt": 0.7193982005119324,
    "complex_pde": 1.6802719831466675,
    "complex_ipde": 4.963080406188965,
    "chains_ptm": {
        "0": 0.7933347821235657,
        "1": 0.5399106740951538
    },
    "pair_chains_iptm": {
        "0": {
            "0": 0.7933347821235657,
            "1": 0.6165029406547546
        },
        "1": {
            "0": 0.4813942611217499,
            "1": 0.5399106740951538
        }
    }
}