{
    "confidence_score": 0.9179391860961914,
    "ptm": 0.9105608463287354,
    "iptm": 0.7934526205062866,
    "ligand_iptm": 0.0,
    "protein_iptm": 0.7934526205062866,
    "complex_plddt": 0.94906085729599,
    "complex_iplddt": 0.9267185926437378,
    "complex_pde": 0.4683838188648224,
    "complex_ipde": 1.5728195905685425,
    "chains_ptm": {
        "0": 0.9184781312942505,
        "1": 0.8828868865966797
    },
    "pair_chains_iptm": {
        "0": {
            "0": 0.9184781312942505,
            "1": 0.5406678915023804
        },
        "1": {
            "0": 0.7934526205062866,
            "1": 0.8828868865966797
        }
    }
}