{
    "confidence_score": 0.8840122222900391,
    "ptm": 0.8834830522537231,
    "iptm": 0.7199779748916626,
    "ligand_iptm": 0.0,
    "protein_iptm": 0.7199779748916626,
    "complex_plddt": 0.9250208139419556,
    "complex_iplddt": 0.8368051648139954,
    "complex_pde": 0.5585966110229492,
    "complex_ipde": 2.013862371444702,
    "chains_ptm": {
        "0": 0.893437385559082,
        "1": 0.8305972814559937
    },
    "pair_chains_iptm": {
        "0": {
            "0": 0.893437385559082,
            "1": 0.41750726103782654
        },
        "1": {
            "0": 0.7199779748916626,
            "1": 0.8305972814559937
        }
    }
}