{
    "confidence_score": 0.868302047252655,
    "ptm": 0.9148657321929932,
    "iptm": 0.6197898387908936,
    "ligand_iptm": 0.0,
    "protein_iptm": 0.6197898387908936,
    "complex_plddt": 0.9304301142692566,
    "complex_iplddt": 0.8748270869255066,
    "complex_pde": 0.4821048080921173,
    "complex_ipde": 2.591045379638672,
    "chains_ptm": {
        "0": 0.9314867258071899,
        "1": 0.8562820553779602
    },
    "pair_chains_iptm": {
        "0": {
            "0": 0.9314867258071899,
            "1": 0.32434776425361633
        },
        "1": {
            "0": 0.6197898387908936,
            "1": 0.8562820553779602
        }
    }
}