{
    "confidence_score": 0.5465789437294006,
    "ptm": 0.6207075119018555,
    "iptm": 0.6157711148262024,
    "ligand_iptm": 0.0,
    "protein_iptm": 0.6157711148262024,
    "complex_plddt": 0.5292809009552002,
    "complex_iplddt": 0.5133116841316223,
    "complex_pde": 3.490241765975952,
    "complex_ipde": 4.670688152313232,
    "chains_ptm": {
        "0": 0.6258407235145569,
        "1": 0.6575519442558289
    },
    "pair_chains_iptm": {
        "0": {
            "0": 0.6258407235145569,
            "1": 0.5931350588798523
        },
        "1": {
            "0": 0.6157711148262024,
            "1": 0.6575519442558289
        }
    }
}