{
    "confidence_score": 0.6172239184379578,
    "ptm": 0.7828298807144165,
    "iptm": 0.7457984685897827,
    "ligand_iptm": 0.0,
    "protein_iptm": 0.7457984685897827,
    "complex_plddt": 0.5850803256034851,
    "complex_iplddt": 0.5621415376663208,
    "complex_pde": 2.206777572631836,
    "complex_ipde": 3.0903773307800293,
    "chains_ptm": {
        "0": 0.8105420470237732,
        "1": 0.7949369549751282
    },
    "pair_chains_iptm": {
        "0": {
            "0": 0.8105420470237732,
            "1": 0.74160236120224
        },
        "1": {
            "0": 0.7457984685897827,
            "1": 0.7949369549751282
        }
    }
}