{
    "confidence_score": 0.46030065417289734,
    "ptm": 0.5136079788208008,
    "iptm": 0.48788711428642273,
    "ligand_iptm": 0.0,
    "protein_iptm": 0.48788711428642273,
    "complex_plddt": 0.453404039144516,
    "complex_iplddt": 0.43475204706192017,
    "complex_pde": 4.062729358673096,
    "complex_ipde": 5.3095293045043945,
    "chains_ptm": {
        "0": 0.520039975643158,
        "1": 0.5727923512458801
    },
    "pair_chains_iptm": {
        "0": {
            "0": 0.520039975643158,
            "1": 0.48788711428642273
        },
        "1": {
            "0": 0.48127830028533936,
            "1": 0.5727923512458801
        }
    }
}