{
    "confidence_score": 0.8977429270744324,
    "ptm": 0.9490697979927063,
    "iptm": 0.8149415850639343,
    "ligand_iptm": 0.0,
    "protein_iptm": 0.8149415850639343,
    "complex_plddt": 0.9184433221817017,
    "complex_iplddt": 0.9065285325050354,
    "complex_pde": 0.36268579959869385,
    "complex_ipde": 1.4459236860275269,
    "chains_ptm": {
        "0": 0.9572973251342773,
        "1": 0.9296786785125732
    },
    "pair_chains_iptm": {
        "0": {
            "0": 0.9572973251342773,
            "1": 0.633156418800354
        },
        "1": {
            "0": 0.8149415850639343,
            "1": 0.9296786785125732
        }
    }
}