{
    "confidence_score": 0.8573894500732422,
    "ptm": 0.9324023127555847,
    "iptm": 0.663518488407135,
    "ligand_iptm": 0.0,
    "protein_iptm": 0.663518488407135,
    "complex_plddt": 0.9058572053909302,
    "complex_iplddt": 0.8511857986450195,
    "complex_pde": 0.45322975516319275,
    "complex_ipde": 2.7957067489624023,
    "chains_ptm": {
        "0": 0.9481980204582214,
        "1": 0.8962526917457581
    },
    "pair_chains_iptm": {
        "0": {
            "0": 0.9481980204582214,
            "1": 0.42107585072517395
        },
        "1": {
            "0": 0.663518488407135,
            "1": 0.8962526917457581
        }
    }
}