{
    "confidence_score": 0.8888590931892395,
    "ptm": 0.9232209324836731,
    "iptm": 0.7875290513038635,
    "ligand_iptm": 0.0,
    "protein_iptm": 0.7875290513038635,
    "complex_plddt": 0.9141916036605835,
    "complex_iplddt": 0.9159237146377563,
    "complex_pde": 0.43475431203842163,
    "complex_ipde": 1.6399427652359009,
    "chains_ptm": {
        "0": 0.9315435290336609,
        "1": 0.9148777723312378
    },
    "pair_chains_iptm": {
        "0": {
            "0": 0.9315435290336609,
            "1": 0.5842873454093933
        },
        "1": {
            "0": 0.7875290513038635,
            "1": 0.9148777723312378
        }
    }
}