{
    "confidence_score": 0.738060474395752,
    "ptm": 0.7658262252807617,
    "iptm": 0.8070229291915894,
    "ligand_iptm": 0.0,
    "protein_iptm": 0.8070229291915894,
    "complex_plddt": 0.720819890499115,
    "complex_iplddt": 0.709528923034668,
    "complex_pde": 1.1519370079040527,
    "complex_ipde": 3.2058236598968506,
    "chains_ptm": {
        "0": 0.9020664691925049,
        "1": 0.6056146621704102
    },
    "pair_chains_iptm": {
        "0": {
            "0": 0.9020664691925049,
            "1": 0.8070229291915894
        },
        "1": {
            "0": 0.5957892537117004,
            "1": 0.6056146621704102
        }
    }
}