{
    "confidence_score": 0.7221886515617371,
    "ptm": 0.7514113187789917,
    "iptm": 0.8104439377784729,
    "ligand_iptm": 0.0,
    "protein_iptm": 0.8104439377784729,
    "complex_plddt": 0.7001248002052307,
    "complex_iplddt": 0.6873167753219604,
    "complex_pde": 1.2525650262832642,
    "complex_ipde": 3.5757455825805664,
    "chains_ptm": {
        "0": 0.9257128238677979,
        "1": 0.5343415141105652
    },
    "pair_chains_iptm": {
        "0": {
            "0": 0.9257128238677979,
            "1": 0.8104439377784729
        },
        "1": {
            "0": 0.530956506729126,
            "1": 0.5343415141105652
        }
    }
}