{
    "confidence_score": 0.6853875517845154,
    "ptm": 0.655092179775238,
    "iptm": 0.6588667631149292,
    "ligand_iptm": 0.0,
    "protein_iptm": 0.6588667631149292,
    "complex_plddt": 0.6920177340507507,
    "complex_iplddt": 0.6542273163795471,
    "complex_pde": 1.5793061256408691,
    "complex_ipde": 5.0299530029296875,
    "chains_ptm": {
        "0": 0.8405060768127441,
        "1": 0.4531690776348114
    },
    "pair_chains_iptm": {
        "0": {
            "0": 0.8405060768127441,
            "1": 0.6588667631149292
        },
        "1": {
            "0": 0.4271799623966217,
            "1": 0.4531690776348114
        }
    }
}