{
    "confidence_score": 0.6737082004547119,
    "ptm": 0.706302285194397,
    "iptm": 0.6342094540596008,
    "ligand_iptm": 0.0,
    "protein_iptm": 0.6342094540596008,
    "complex_plddt": 0.6835829019546509,
    "complex_iplddt": 0.6496197581291199,
    "complex_pde": 1.471107840538025,
    "complex_ipde": 5.106784820556641,
    "chains_ptm": {
        "0": 0.8772603273391724,
        "1": 0.5554615259170532
    },
    "pair_chains_iptm": {
        "0": {
            "0": 0.8772603273391724,
            "1": 0.6342094540596008
        },
        "1": {
            "0": 0.4793962836265564,
            "1": 0.5554615259170532
        }
    }
}