{
    "confidence_score": 0.7045636773109436,
    "ptm": 0.720830500125885,
    "iptm": 0.6859554648399353,
    "ligand_iptm": 0.0,
    "protein_iptm": 0.6859554648399353,
    "complex_plddt": 0.7092157006263733,
    "complex_iplddt": 0.6682686805725098,
    "complex_pde": 1.4258102178573608,
    "complex_ipde": 5.32749605178833,
    "chains_ptm": {
        "0": 0.9348133206367493,
        "1": 0.5298693776130676
    },
    "pair_chains_iptm": {
        "0": {
            "0": 0.9348133206367493,
            "1": 0.6859554648399353
        },
        "1": {
            "0": 0.42629584670066833,
            "1": 0.5298693776130676
        }
    }
}