{
    "confidence_score": 0.6951285600662231,
    "ptm": 0.7920596599578857,
    "iptm": 0.7539815306663513,
    "ligand_iptm": 0.0,
    "protein_iptm": 0.7539815306663513,
    "complex_plddt": 0.6804152727127075,
    "complex_iplddt": 0.6316385269165039,
    "complex_pde": 1.1344355344772339,
    "complex_ipde": 3.6417815685272217,
    "chains_ptm": {
        "0": 0.9405041933059692,
        "1": 0.6257432699203491
    },
    "pair_chains_iptm": {
        "0": {
            "0": 0.9405041933059692,
            "1": 0.7539815306663513
        },
        "1": {
            "0": 0.6002141833305359,
            "1": 0.6257432699203491
        }
    }
}