{
    "confidence_score": 0.41337448358535767,
    "ptm": 0.44402045011520386,
    "iptm": 0.4241620898246765,
    "ligand_iptm": 0.0,
    "protein_iptm": 0.4241620898246765,
    "complex_plddt": 0.41067758202552795,
    "complex_iplddt": 0.4039316773414612,
    "complex_pde": 4.736804485321045,
    "complex_ipde": 6.118558406829834,
    "chains_ptm": {
        "0": 0.4303358495235443,
        "1": 0.4969983696937561
    },
    "pair_chains_iptm": {
        "0": {
            "0": 0.4303358495235443,
            "1": 0.4169924855232239
        },
        "1": {
            "0": 0.4241620898246765,
            "1": 0.4969983696937561
        }
    }
}