{
    "confidence_score": 0.4808364510536194,
    "ptm": 0.44443443417549133,
    "iptm": 0.41767701506614685,
    "ligand_iptm": 0.0,
    "protein_iptm": 0.41767701506614685,
    "complex_plddt": 0.4966263175010681,
    "complex_iplddt": 0.46464529633522034,
    "complex_pde": 4.669521808624268,
    "complex_ipde": 6.011866569519043,
    "chains_ptm": {
        "0": 0.4394100308418274,
        "1": 0.48181483149528503
    },
    "pair_chains_iptm": {
        "0": {
            "0": 0.4394100308418274,
            "1": 0.41767701506614685
        },
        "1": {
            "0": 0.41568654775619507,
            "1": 0.48181483149528503
        }
    }
}