{
    "confidence_score": 0.4961901605129242,
    "ptm": 0.5407626032829285,
    "iptm": 0.5219317674636841,
    "ligand_iptm": 0.0,
    "protein_iptm": 0.5219317674636841,
    "complex_plddt": 0.4897547662258148,
    "complex_iplddt": 0.4790094196796417,
    "complex_pde": 4.03364896774292,
    "complex_ipde": 5.256361961364746,
    "chains_ptm": {
        "0": 0.5467091202735901,
        "1": 0.5735437870025635
    },
    "pair_chains_iptm": {
        "0": {
            "0": 0.5467091202735901,
            "1": 0.5162308812141418
        },
        "1": {
            "0": 0.5219317674636841,
            "1": 0.5735437870025635
        }
    }
}