{
    "confidence_score": 0.5619927048683167,
    "ptm": 0.5899528861045837,
    "iptm": 0.10056169331073761,
    "ligand_iptm": 0.0,
    "protein_iptm": 0.10056169331073761,
    "complex_plddt": 0.6773504614830017,
    "complex_iplddt": 0.6298823356628418,
    "complex_pde": 1.8799551725387573,
    "complex_ipde": 11.66627025604248,
    "chains_ptm": {
        "0": 0.9611666798591614,
        "1": 0.4585125744342804
    },
    "pair_chains_iptm": {
        "0": {
            "0": 0.9611666798591614,
            "1": 0.0786677747964859
        },
        "1": {
            "0": 0.10056169331073761,
            "1": 0.4585125744342804
        }
    }
}