{
    "confidence_score": 0.5771297216415405,
    "ptm": 0.5005688667297363,
    "iptm": 0.32626819610595703,
    "ligand_iptm": 0.0,
    "protein_iptm": 0.32626819610595703,
    "complex_plddt": 0.639845073223114,
    "complex_iplddt": 0.6176579594612122,
    "complex_pde": 2.127612352371216,
    "complex_ipde": 8.37945556640625,
    "chains_ptm": {
        "0": 0.6985592246055603,
        "1": 0.46724265813827515
    },
    "pair_chains_iptm": {
        "0": {
            "0": 0.6985592246055603,
            "1": 0.32626819610595703
        },
        "1": {
            "0": 0.24375668168067932,
            "1": 0.46724265813827515
        }
    }
}