{
    "confidence_score": 0.6245377659797668,
    "ptm": 0.623457133769989,
    "iptm": 0.5723121762275696,
    "ligand_iptm": 0.0,
    "protein_iptm": 0.5723121762275696,
    "complex_plddt": 0.6375941634178162,
    "complex_iplddt": 0.6280040740966797,
    "complex_pde": 1.7525053024291992,
    "complex_ipde": 7.561038017272949,
    "chains_ptm": {
        "0": 0.8636838793754578,
        "1": 0.45333340764045715
    },
    "pair_chains_iptm": {
        "0": {
            "0": 0.8636838793754578,
            "1": 0.5723121762275696
        },
        "1": {
            "0": 0.30743274092674255,
            "1": 0.45333340764045715
        }
    }
}