{
    "confidence_score": 0.6898854374885559,
    "ptm": 0.6813963651657104,
    "iptm": 0.6614029407501221,
    "ligand_iptm": 0.0,
    "protein_iptm": 0.6614029407501221,
    "complex_plddt": 0.6970060467720032,
    "complex_iplddt": 0.6911864280700684,
    "complex_pde": 2.9724950790405273,
    "complex_ipde": 4.161768436431885,
    "chains_ptm": {
        "0": 0.6980523467063904,
        "1": 0.719904363155365
    },
    "pair_chains_iptm": {
        "0": {
            "0": 0.6980523467063904,
            "1": 0.6614029407501221
        },
        "1": {
            "0": 0.6540587544441223,
            "1": 0.719904363155365
        }
    }
}