{
    "confidence_score": 0.6203411817550659,
    "ptm": 0.4791301190853119,
    "iptm": 0.45358380675315857,
    "ligand_iptm": 0.0,
    "protein_iptm": 0.45358380675315857,
    "complex_plddt": 0.6620305180549622,
    "complex_iplddt": 0.6524437069892883,
    "complex_pde": 4.503605842590332,
    "complex_ipde": 6.038799285888672,
    "chains_ptm": {
        "0": 0.47910112142562866,
        "1": 0.5360880494117737
    },
    "pair_chains_iptm": {
        "0": {
            "0": 0.47910112142562866,
            "1": 0.4444272518157959
        },
        "1": {
            "0": 0.45358380675315857,
            "1": 0.5360880494117737
        }
    }
}