{
    "confidence_score": 0.5713069438934326,
    "ptm": 0.4436075687408447,
    "iptm": 0.40632709860801697,
    "ligand_iptm": 0.0,
    "protein_iptm": 0.40632709860801697,
    "complex_plddt": 0.6125519275665283,
    "complex_iplddt": 0.5938947200775146,
    "complex_pde": 4.651613235473633,
    "complex_ipde": 6.230103015899658,
    "chains_ptm": {
        "0": 0.47693392634391785,
        "1": 0.4669252038002014
    },
    "pair_chains_iptm": {
        "0": {
            "0": 0.47693392634391785,
            "1": 0.40632709860801697
        },
        "1": {
            "0": 0.38890892267227173,
            "1": 0.4669252038002014
        }
    }
}