{
    "confidence_score": 0.9028000235557556,
    "ptm": 0.9539909362792969,
    "iptm": 0.822317361831665,
    "ligand_iptm": 0.0,
    "protein_iptm": 0.822317361831665,
    "complex_plddt": 0.9229205846786499,
    "complex_iplddt": 0.8966127634048462,
    "complex_pde": 0.343951553106308,
    "complex_ipde": 1.3181278705596924,
    "chains_ptm": {
        "0": 0.9621599316596985,
        "1": 0.8777561187744141
    },
    "pair_chains_iptm": {
        "0": {
            "0": 0.9621599316596985,
            "1": 0.6288825273513794
        },
        "1": {
            "0": 0.822317361831665,
            "1": 0.8777561187744141
        }
    }
}