{
    "confidence_score": 0.8939794898033142,
    "ptm": 0.9498424530029297,
    "iptm": 0.7937244176864624,
    "ligand_iptm": 0.0,
    "protein_iptm": 0.7937244176864624,
    "complex_plddt": 0.9190431833267212,
    "complex_iplddt": 0.9025025367736816,
    "complex_pde": 0.3544953465461731,
    "complex_ipde": 1.4542253017425537,
    "chains_ptm": {
        "0": 0.959218442440033,
        "1": 0.8561117053031921
    },
    "pair_chains_iptm": {
        "0": {
            "0": 0.959218442440033,
            "1": 0.6140515804290771
        },
        "1": {
            "0": 0.7937244176864624,
            "1": 0.8561117053031921
        }
    }
}