{
    "confidence_score": 0.8918431401252747,
    "ptm": 0.9452350735664368,
    "iptm": 0.8031406402587891,
    "ligand_iptm": 0.0,
    "protein_iptm": 0.8031406402587891,
    "complex_plddt": 0.9140187501907349,
    "complex_iplddt": 0.9005231261253357,
    "complex_pde": 0.36776185035705566,
    "complex_ipde": 1.3835917711257935,
    "chains_ptm": {
        "0": 0.9537087082862854,
        "1": 0.8653696775436401
    },
    "pair_chains_iptm": {
        "0": {
            "0": 0.9537087082862854,
            "1": 0.6265243291854858
        },
        "1": {
            "0": 0.8031406402587891,
            "1": 0.8653696775436401
        }
    }
}