{
    "confidence_score": 0.6628822684288025,
    "ptm": 0.6722700595855713,
    "iptm": 0.45107704401016235,
    "ligand_iptm": 0.0,
    "protein_iptm": 0.45107704401016235,
    "complex_plddt": 0.7158336043357849,
    "complex_iplddt": 0.6717119216918945,
    "complex_pde": 1.656605839729309,
    "complex_ipde": 6.705761909484863,
    "chains_ptm": {
        "0": 0.8787661790847778,
        "1": 0.47455906867980957
    },
    "pair_chains_iptm": {
        "0": {
            "0": 0.8787661790847778,
            "1": 0.45107704401016235
        },
        "1": {
            "0": 0.3509182035923004,
            "1": 0.47455906867980957
        }
    }
}