{
    "confidence_score": 0.6762809753417969,
    "ptm": 0.6980553269386292,
    "iptm": 0.5141039490699768,
    "ligand_iptm": 0.0,
    "protein_iptm": 0.5141039490699768,
    "complex_plddt": 0.7168252468109131,
    "complex_iplddt": 0.6795921325683594,
    "complex_pde": 1.5974326133728027,
    "complex_ipde": 6.116866111755371,
    "chains_ptm": {
        "0": 0.8907291889190674,
        "1": 0.4961598813533783
    },
    "pair_chains_iptm": {
        "0": {
            "0": 0.8907291889190674,
            "1": 0.5141039490699768
        },
        "1": {
            "0": 0.39852264523506165,
            "1": 0.4961598813533783
        }
    }
}