{
    "confidence_score": 0.6641553044319153,
    "ptm": 0.6718233823776245,
    "iptm": 0.44723859429359436,
    "ligand_iptm": 0.0,
    "protein_iptm": 0.44723859429359436,
    "complex_plddt": 0.7183844447135925,
    "complex_iplddt": 0.6939648985862732,
    "complex_pde": 1.6480088233947754,
    "complex_ipde": 6.521326065063477,
    "chains_ptm": {
        "0": 0.8688064813613892,
        "1": 0.48239263892173767
    },
    "pair_chains_iptm": {
        "0": {
            "0": 0.8688064813613892,
            "1": 0.44723859429359436
        },
        "1": {
            "0": 0.36773180961608887,
            "1": 0.48239263892173767
        }
    }
}