{
    "confidence_score": 0.6665359735488892,
    "ptm": 0.6895654797554016,
    "iptm": 0.4881238043308258,
    "ligand_iptm": 0.0,
    "protein_iptm": 0.4881238043308258,
    "complex_plddt": 0.7111389636993408,
    "complex_iplddt": 0.6588563323020935,
    "complex_pde": 1.882812738418579,
    "complex_ipde": 7.002998352050781,
    "chains_ptm": {
        "0": 0.8889508843421936,
        "1": 0.458515465259552
    },
    "pair_chains_iptm": {
        "0": {
            "0": 0.8889508843421936,
            "1": 0.4881238043308258
        },
        "1": {
            "0": 0.3706338405609131,
            "1": 0.458515465259552
        }
    }
}