{
    "confidence_score": 0.6587970852851868,
    "ptm": 0.6731879711151123,
    "iptm": 0.45687994360923767,
    "ligand_iptm": 0.0,
    "protein_iptm": 0.45687994360923767,
    "complex_plddt": 0.7092763781547546,
    "complex_iplddt": 0.6802318096160889,
    "complex_pde": 1.6622679233551025,
    "complex_ipde": 6.442689418792725,
    "chains_ptm": {
        "0": 0.8704224824905396,
        "1": 0.47995325922966003
    },
    "pair_chains_iptm": {
        "0": {
            "0": 0.8704224824905396,
            "1": 0.45687994360923767
        },
        "1": {
            "0": 0.36846405267715454,
            "1": 0.47995325922966003
        }
    }
}