{
    "confidence_score": 0.6534979939460754,
    "ptm": 0.6679069399833679,
    "iptm": 0.43821993470191956,
    "ligand_iptm": 0.0,
    "protein_iptm": 0.43821993470191956,
    "complex_plddt": 0.7073174715042114,
    "complex_iplddt": 0.6662692427635193,
    "complex_pde": 1.6948573589324951,
    "complex_ipde": 6.772204875946045,
    "chains_ptm": {
        "0": 0.8742383718490601,
        "1": 0.46388083696365356
    },
    "pair_chains_iptm": {
        "0": {
            "0": 0.8742383718490601,
            "1": 0.43821993470191956
        },
        "1": {
            "0": 0.3440975844860077,
            "1": 0.46388083696365356
        }
    }
}