{
    "confidence_score": 0.9406575560569763,
    "ptm": 0.9449160695075989,
    "iptm": 0.8463672399520874,
    "ligand_iptm": 0.0,
    "protein_iptm": 0.8463672399520874,
    "complex_plddt": 0.9642301201820374,
    "complex_iplddt": 0.9396916627883911,
    "complex_pde": 0.36132359504699707,
    "complex_ipde": 1.34132981300354,
    "chains_ptm": {
        "0": 0.9496423602104187,
        "1": 0.9277986884117126
    },
    "pair_chains_iptm": {
        "0": {
            "0": 0.9496423602104187,
            "1": 0.5840436220169067
        },
        "1": {
            "0": 0.8463672399520874,
            "1": 0.9277986884117126
        }
    }
}