{
    "confidence_score": 0.9095657467842102,
    "ptm": 0.9209719300270081,
    "iptm": 0.7330979704856873,
    "ligand_iptm": 0.0,
    "protein_iptm": 0.7330979704856873,
    "complex_plddt": 0.9536826610565186,
    "complex_iplddt": 0.9070789813995361,
    "complex_pde": 0.4369655251502991,
    "complex_ipde": 2.0243563652038574,
    "chains_ptm": {
        "0": 0.9292031526565552,
        "1": 0.8649383187294006
    },
    "pair_chains_iptm": {
        "0": {
            "0": 0.9292031526565552,
            "1": 0.3886907696723938
        },
        "1": {
            "0": 0.7330979704856873,
            "1": 0.8649383187294006
        }
    }
}