{
    "confidence_score": 0.9093772172927856,
    "ptm": 0.7969047427177429,
    "iptm": 0.7098028063774109,
    "ligand_iptm": 0.0,
    "protein_iptm": 0.7098028063774109,
    "complex_plddt": 0.9592707753181458,
    "complex_iplddt": 0.9337636828422546,
    "complex_pde": 0.8470969200134277,
    "complex_ipde": 2.5965137481689453,
    "chains_ptm": {
        "0": 0.8009853959083557,
        "1": 0.8906125426292419
    },
    "pair_chains_iptm": {
        "0": {
            "0": 0.8009853959083557,
            "1": 0.4085361659526825
        },
        "1": {
            "0": 0.7098028063774109,
            "1": 0.8906125426292419
        }
    }
}