{
    "confidence_score": 0.4477488696575165,
    "ptm": 0.4211316406726837,
    "iptm": 0.40221738815307617,
    "ligand_iptm": 0.0,
    "protein_iptm": 0.40221738815307617,
    "complex_plddt": 0.45913171768188477,
    "complex_iplddt": 0.4566185772418976,
    "complex_pde": 4.879993915557861,
    "complex_ipde": 6.260878086090088,
    "chains_ptm": {
        "0": 0.43485528230667114,
        "1": 0.4493699371814728
    },
    "pair_chains_iptm": {
        "0": {
            "0": 0.43485528230667114,
            "1": 0.40221738815307617
        },
        "1": {
            "0": 0.40121808648109436,
            "1": 0.4493699371814728
        }
    }
}