{
    "confidence_score": 0.3872832953929901,
    "ptm": 0.4058220088481903,
    "iptm": 0.3767394423484802,
    "ligand_iptm": 0.0,
    "protein_iptm": 0.3767394423484802,
    "complex_plddt": 0.3899192214012146,
    "complex_iplddt": 0.38898923993110657,
    "complex_pde": 5.092957973480225,
    "complex_ipde": 6.483388900756836,
    "chains_ptm": {
        "0": 0.42915865778923035,
        "1": 0.4191276729106903
    },
    "pair_chains_iptm": {
        "0": {
            "0": 0.42915865778923035,
            "1": 0.3758711814880371
        },
        "1": {
            "0": 0.3767394423484802,
            "1": 0.4191276729106903
        }
    }
}