{
    "confidence_score": 0.42172861099243164,
    "ptm": 0.36606836318969727,
    "iptm": 0.34942907094955444,
    "ligand_iptm": 0.0,
    "protein_iptm": 0.34942907094955444,
    "complex_plddt": 0.43980348110198975,
    "complex_iplddt": 0.4216764271259308,
    "complex_pde": 5.156971454620361,
    "complex_ipde": 6.569631576538086,
    "chains_ptm": {
        "0": 0.3792129158973694,
        "1": 0.4095083177089691
    },
    "pair_chains_iptm": {
        "0": {
            "0": 0.3792129158973694,
            "1": 0.3421165645122528
        },
        "1": {
            "0": 0.34942907094955444,
            "1": 0.4095083177089691
        }
    }
}