{
    "confidence_score": 0.8736788034439087,
    "ptm": 0.952083945274353,
    "iptm": 0.7951725125312805,
    "ligand_iptm": 0.0,
    "protein_iptm": 0.7951725125312805,
    "complex_plddt": 0.8933053612709045,
    "complex_iplddt": 0.822400689125061,
    "complex_pde": 0.36125120520591736,
    "complex_ipde": 1.5767745971679688,
    "chains_ptm": {
        "0": 0.9614644050598145,
        "1": 0.8792845010757446
    },
    "pair_chains_iptm": {
        "0": {
            "0": 0.9614644050598145,
            "1": 0.5447623133659363
        },
        "1": {
            "0": 0.7951725125312805,
            "1": 0.8792845010757446
        }
    }
}