{
    "confidence_score": 0.8542774319648743,
    "ptm": 0.9448993802070618,
    "iptm": 0.7470292448997498,
    "ligand_iptm": 0.0,
    "protein_iptm": 0.7470292448997498,
    "complex_plddt": 0.8810895085334778,
    "complex_iplddt": 0.8122771978378296,
    "complex_pde": 0.38169312477111816,
    "complex_ipde": 1.9861629009246826,
    "chains_ptm": {
        "0": 0.9563102722167969,
        "1": 0.8709185719490051
    },
    "pair_chains_iptm": {
        "0": {
            "0": 0.9563102722167969,
            "1": 0.4601849615573883
        },
        "1": {
            "0": 0.7470292448997498,
            "1": 0.8709185719490051
        }
    }
}