{
    "confidence_score": 0.8588352203369141,
    "ptm": 0.956733763217926,
    "iptm": 0.8701813817024231,
    "ligand_iptm": 0.0,
    "protein_iptm": 0.8701813817024231,
    "complex_plddt": 0.855998694896698,
    "complex_iplddt": 0.7960245609283447,
    "complex_pde": 0.3354339599609375,
    "complex_ipde": 1.1795016527175903,
    "chains_ptm": {
        "0": 0.9624210596084595,
        "1": 0.9231830835342407
    },
    "pair_chains_iptm": {
        "0": {
            "0": 0.9624210596084595,
            "1": 0.6852368712425232
        },
        "1": {
            "0": 0.8701813817024231,
            "1": 0.9231830835342407
        }
    }
}