{
    "confidence_score": 0.6086537837982178,
    "ptm": 0.5125138163566589,
    "iptm": 0.38783055543899536,
    "ligand_iptm": 0.0,
    "protein_iptm": 0.38783055543899536,
    "complex_plddt": 0.6638596057891846,
    "complex_iplddt": 0.5987744927406311,
    "complex_pde": 2.0582327842712402,
    "complex_ipde": 7.829375743865967,
    "chains_ptm": {
        "0": 0.678408682346344,
        "1": 0.5062524676322937
    },
    "pair_chains_iptm": {
        "0": {
            "0": 0.678408682346344,
            "1": 0.38783055543899536
        },
        "1": {
            "0": 0.2852464020252228,
            "1": 0.5062524676322937
        }
    }
}