{
    "confidence_score": 0.5930668711662292,
    "ptm": 0.6428347826004028,
    "iptm": 0.3369499444961548,
    "ligand_iptm": 0.0,
    "protein_iptm": 0.3369499444961548,
    "complex_plddt": 0.6570960879325867,
    "complex_iplddt": 0.6052085161209106,
    "complex_pde": 1.6808527708053589,
    "complex_ipde": 7.521578788757324,
    "chains_ptm": {
        "0": 0.8796498775482178,
        "1": 0.5334948301315308
    },
    "pair_chains_iptm": {
        "0": {
            "0": 0.8796498775482178,
            "1": 0.3369499444961548
        },
        "1": {
            "0": 0.31446751952171326,
            "1": 0.5334948301315308
        }
    }
}