{
    "confidence_score": 0.5570561289787292,
    "ptm": 0.5497316718101501,
    "iptm": 0.15063869953155518,
    "ligand_iptm": 0.0,
    "protein_iptm": 0.15063869953155518,
    "complex_plddt": 0.6586605310440063,
    "complex_iplddt": 0.5777459740638733,
    "complex_pde": 1.9933693408966064,
    "complex_ipde": 8.812856674194336,
    "chains_ptm": {
        "0": 0.8410952091217041,
        "1": 0.44984835386276245
    },
    "pair_chains_iptm": {
        "0": {
            "0": 0.8410952091217041,
            "1": 0.14012356102466583
        },
        "1": {
            "0": 0.15063869953155518,
            "1": 0.44984835386276245
        }
    }
}