{
    "confidence_score": 0.5047174692153931,
    "ptm": 0.5189474821090698,
    "iptm": 0.4872490167617798,
    "ligand_iptm": 0.0,
    "protein_iptm": 0.4872490167617798,
    "complex_plddt": 0.5090845823287964,
    "complex_iplddt": 0.4949965178966522,
    "complex_pde": 4.180200576782227,
    "complex_ipde": 5.61436128616333,
    "chains_ptm": {
        "0": 0.5103540420532227,
        "1": 0.5750910043716431
    },
    "pair_chains_iptm": {
        "0": {
            "0": 0.5103540420532227,
            "1": 0.48474085330963135
        },
        "1": {
            "0": 0.4872490167617798,
            "1": 0.5750910043716431
        }
    }
}