{
    "confidence_score": 0.6794001460075378,
    "ptm": 0.7508033514022827,
    "iptm": 0.7186639904975891,
    "ligand_iptm": 0.0,
    "protein_iptm": 0.7186639904975891,
    "complex_plddt": 0.6695841550827026,
    "complex_iplddt": 0.6506212949752808,
    "complex_pde": 2.330063819885254,
    "complex_ipde": 3.4585678577423096,
    "chains_ptm": {
        "0": 0.7790374755859375,
        "1": 0.7641108632087708
    },
    "pair_chains_iptm": {
        "0": {
            "0": 0.7790374755859375,
            "1": 0.7186639904975891
        },
        "1": {
            "0": 0.713936448097229,
            "1": 0.7641108632087708
        }
    }
}