{
    "confidence_score": 0.5848218202590942,
    "ptm": 0.6238608360290527,
    "iptm": 0.6065050363540649,
    "ligand_iptm": 0.0,
    "protein_iptm": 0.6065050363540649,
    "complex_plddt": 0.5794009566307068,
    "complex_iplddt": 0.5567200779914856,
    "complex_pde": 3.51663875579834,
    "complex_ipde": 4.836592674255371,
    "chains_ptm": {
        "0": 0.6332563161849976,
        "1": 0.6523468494415283
    },
    "pair_chains_iptm": {
        "0": {
            "0": 0.6332563161849976,
            "1": 0.6065050363540649
        },
        "1": {
            "0": 0.6048420071601868,
            "1": 0.6523468494415283
        }
    }
}