{
    "confidence_score": 0.5647370219230652,
    "ptm": 0.4698600172996521,
    "iptm": 0.31506162881851196,
    "ligand_iptm": 0.0,
    "protein_iptm": 0.31506162881851196,
    "complex_plddt": 0.6271559000015259,
    "complex_iplddt": 0.5828160643577576,
    "complex_pde": 2.161191940307617,
    "complex_ipde": 8.245855331420898,
    "chains_ptm": {
        "0": 0.600370466709137,
        "1": 0.4984996020793915
    },
    "pair_chains_iptm": {
        "0": {
            "0": 0.600370466709137,
            "1": 0.31506162881851196
        },
        "1": {
            "0": 0.30425551533699036,
            "1": 0.4984996020793915
        }
    }
}