{
    "confidence_score": 0.5627337694168091,
    "ptm": 0.5513572692871094,
    "iptm": 0.15736940503120422,
    "ligand_iptm": 0.0,
    "protein_iptm": 0.15736940503120422,
    "complex_plddt": 0.6640748381614685,
    "complex_iplddt": 0.6446450352668762,
    "complex_pde": 1.799661636352539,
    "complex_ipde": 11.113740921020508,
    "chains_ptm": {
        "0": 0.8687553405761719,
        "1": 0.5705227255821228
    },
    "pair_chains_iptm": {
        "0": {
            "0": 0.8687553405761719,
            "1": 0.15736940503120422
        },
        "1": {
            "0": 0.1336367428302765,
            "1": 0.5705227255821228
        }
    }
}