{
    "confidence_score": 0.5286701917648315,
    "ptm": 0.5841251611709595,
    "iptm": 0.10597112774848938,
    "ligand_iptm": 0.0,
    "protein_iptm": 0.10597112774848938,
    "complex_plddt": 0.6343449354171753,
    "complex_iplddt": 0.5733499526977539,
    "complex_pde": 1.7866506576538086,
    "complex_ipde": 11.509869575500488,
    "chains_ptm": {
        "0": 0.9482200741767883,
        "1": 0.49085280299186707
    },
    "pair_chains_iptm": {
        "0": {
            "0": 0.9482200741767883,
            "1": 0.084882453083992
        },
        "1": {
            "0": 0.10597112774848938,
            "1": 0.49085280299186707
        }
    }
}