{
    "confidence_score": 0.7051218748092651,
    "ptm": 0.706680953502655,
    "iptm": 0.6286301016807556,
    "ligand_iptm": 0.0,
    "protein_iptm": 0.6286301016807556,
    "complex_plddt": 0.7242447733879089,
    "complex_iplddt": 0.6819164156913757,
    "complex_pde": 1.411760926246643,
    "complex_ipde": 3.7828924655914307,
    "chains_ptm": {
        "0": 0.8316925168037415,
        "1": 0.5928354859352112
    },
    "pair_chains_iptm": {
        "0": {
            "0": 0.8316925168037415,
            "1": 0.6286301016807556
        },
        "1": {
            "0": 0.5246740579605103,
            "1": 0.5928354859352112
        }
    }
}