{
    "confidence_score": 0.738670289516449,
    "ptm": 0.7347326278686523,
    "iptm": 0.7003338932991028,
    "ligand_iptm": 0.0,
    "protein_iptm": 0.7003338932991028,
    "complex_plddt": 0.7482544183731079,
    "complex_iplddt": 0.7414708137512207,
    "complex_pde": 1.3566076755523682,
    "complex_ipde": 3.4774279594421387,
    "chains_ptm": {
        "0": 0.8506651520729065,
        "1": 0.5910215973854065
    },
    "pair_chains_iptm": {
        "0": {
            "0": 0.8506651520729065,
            "1": 0.7003338932991028
        },
        "1": {
            "0": 0.5590635538101196,
            "1": 0.5910215973854065
        }
    }
}