{
    "confidence_score": 0.7437825798988342,
    "ptm": 0.7374714016914368,
    "iptm": 0.7500746846199036,
    "ligand_iptm": 0.0,
    "protein_iptm": 0.7500746846199036,
    "complex_plddt": 0.7422095537185669,
    "complex_iplddt": 0.7278350591659546,
    "complex_pde": 1.3844081163406372,
    "complex_ipde": 3.8100221157073975,
    "chains_ptm": {
        "0": 0.9039620161056519,
        "1": 0.516207218170166
    },
    "pair_chains_iptm": {
        "0": {
            "0": 0.9039620161056519,
            "1": 0.7500746846199036
        },
        "1": {
            "0": 0.48369544744491577,
            "1": 0.516207218170166
        }
    }
}