{
    "confidence_score": 0.726871907711029,
    "ptm": 0.8796738982200623,
    "iptm": 0.852339506149292,
    "ligand_iptm": 0.0,
    "protein_iptm": 0.852339506149292,
    "complex_plddt": 0.6955050230026245,
    "complex_iplddt": 0.6558895111083984,
    "complex_pde": 0.8127601742744446,
    "complex_ipde": 1.9165596961975098,
    "chains_ptm": {
        "0": 0.944174587726593,
        "1": 0.7832334041595459
    },
    "pair_chains_iptm": {
        "0": {
            "0": 0.944174587726593,
            "1": 0.852339506149292
        },
        "1": {
            "0": 0.785017192363739,
            "1": 0.7832334041595459
        }
    }
}