{
    "confidence_score": 0.7663835883140564,
    "ptm": 0.837814450263977,
    "iptm": 0.807690441608429,
    "ligand_iptm": 0.0,
    "protein_iptm": 0.807690441608429,
    "complex_plddt": 0.7560569047927856,
    "complex_iplddt": 0.7486101388931274,
    "complex_pde": 0.8895025849342346,
    "complex_ipde": 2.251960515975952,
    "chains_ptm": {
        "0": 0.9114362597465515,
        "1": 0.7521902322769165
    },
    "pair_chains_iptm": {
        "0": {
            "0": 0.9114362597465515,
            "1": 0.807690441608429
        },
        "1": {
            "0": 0.730645477771759,
            "1": 0.7521902322769165
        }
    }
}