{
    "confidence_score": 0.8286321759223938,
    "ptm": 0.9272493720054626,
    "iptm": 0.6396723389625549,
    "ligand_iptm": 0.0,
    "protein_iptm": 0.6396723389625549,
    "complex_plddt": 0.8758721351623535,
    "complex_iplddt": 0.8377799987792969,
    "complex_pde": 0.4830709993839264,
    "complex_ipde": 2.9023659229278564,
    "chains_ptm": {
        "0": 0.9431703090667725,
        "1": 0.8831086754798889
    },
    "pair_chains_iptm": {
        "0": {
            "0": 0.9431703090667725,
            "1": 0.40240517258644104
        },
        "1": {
            "0": 0.6396723389625549,
            "1": 0.8831086754798889
        }
    }
}