{
    "confidence_score": 0.808668315410614,
    "ptm": 0.9204214811325073,
    "iptm": 0.5931200385093689,
    "ligand_iptm": 0.0,
    "protein_iptm": 0.5931200385093689,
    "complex_plddt": 0.8625554442405701,
    "complex_iplddt": 0.7914280891418457,
    "complex_pde": 0.5144191980361938,
    "complex_ipde": 3.169271230697632,
    "chains_ptm": {
        "0": 0.938897430896759,
        "1": 0.8338410258293152
    },
    "pair_chains_iptm": {
        "0": {
            "0": 0.938897430896759,
            "1": 0.3210318088531494
        },
        "1": {
            "0": 0.5931200385093689,
            "1": 0.8338410258293152
        }
    }
}