{
    "confidence_score": 0.8107621073722839,
    "ptm": 0.9336740970611572,
    "iptm": 0.5644761919975281,
    "ligand_iptm": 0.0,
    "protein_iptm": 0.5644761919975281,
    "complex_plddt": 0.8723336458206177,
    "complex_iplddt": 0.8104481101036072,
    "complex_pde": 0.48509499430656433,
    "complex_ipde": 3.423089027404785,
    "chains_ptm": {
        "0": 0.9549650549888611,
        "1": 0.8249784111976624
    },
    "pair_chains_iptm": {
        "0": {
            "0": 0.9549650549888611,
            "1": 0.3122534155845642
        },
        "1": {
            "0": 0.5644761919975281,
            "1": 0.8249784111976624
        }
    }
}