{
    "confidence_score": 0.45657339692115784,
    "ptm": 0.5518081188201904,
    "iptm": 0.5268166661262512,
    "ligand_iptm": 0.0,
    "protein_iptm": 0.5268166661262512,
    "complex_plddt": 0.4390125572681427,
    "complex_iplddt": 0.42631199955940247,
    "complex_pde": 3.9986965656280518,
    "complex_ipde": 5.300390720367432,
    "chains_ptm": {
        "0": 0.5394168496131897,
        "1": 0.5914418697357178
    },
    "pair_chains_iptm": {
        "0": {
            "0": 0.5394168496131897,
            "1": 0.5237388610839844
        },
        "1": {
            "0": 0.5268166661262512,
            "1": 0.5914418697357178
        }
    }
}