{
    "confidence_score": 0.4324118196964264,
    "ptm": 0.5300705432891846,
    "iptm": 0.5027492046356201,
    "ligand_iptm": 0.0,
    "protein_iptm": 0.5027492046356201,
    "complex_plddt": 0.41482746601104736,
    "complex_iplddt": 0.40149834752082825,
    "complex_pde": 3.99186372756958,
    "complex_ipde": 5.158644676208496,
    "chains_ptm": {
        "0": 0.5287310481071472,
        "1": 0.5692203044891357
    },
    "pair_chains_iptm": {
        "0": {
            "0": 0.5287310481071472,
            "1": 0.5027492046356201
        },
        "1": {
            "0": 0.49178245663642883,
            "1": 0.5692203044891357
        }
    }
}