{
    "confidence_score": 0.5131620764732361,
    "ptm": 0.5394251346588135,
    "iptm": 0.5234814882278442,
    "ligand_iptm": 0.0,
    "protein_iptm": 0.5234814882278442,
    "complex_plddt": 0.5105822086334229,
    "complex_iplddt": 0.48325270414352417,
    "complex_pde": 3.9768309593200684,
    "complex_ipde": 5.243774890899658,
    "chains_ptm": {
        "0": 0.5581822991371155,
        "1": 0.5755718946456909
    },
    "pair_chains_iptm": {
        "0": {
            "0": 0.5581822991371155,
            "1": 0.5234814882278442
        },
        "1": {
            "0": 0.49391108751296997,
            "1": 0.5755718946456909
        }
    }
}