{
    "confidence_score": 0.9089820981025696,
    "ptm": 0.9573131203651428,
    "iptm": 0.8650051355361938,
    "ligand_iptm": 0.0,
    "protein_iptm": 0.8650051355361938,
    "complex_plddt": 0.9199762940406799,
    "complex_iplddt": 0.891564130783081,
    "complex_pde": 0.3388088345527649,
    "complex_ipde": 1.1433680057525635,
    "chains_ptm": {
        "0": 0.9630272388458252,
        "1": 0.9260010719299316
    },
    "pair_chains_iptm": {
        "0": {
            "0": 0.9630272388458252,
            "1": 0.6570473313331604
        },
        "1": {
            "0": 0.8650051355361938,
            "1": 0.9260010719299316
        }
    }
}