{
    "confidence_score": 0.8996196985244751,
    "ptm": 0.9622681140899658,
    "iptm": 0.8866368532180786,
    "ligand_iptm": 0.0,
    "protein_iptm": 0.8866368532180786,
    "complex_plddt": 0.9028654098510742,
    "complex_iplddt": 0.8711321949958801,
    "complex_pde": 0.31931519508361816,
    "complex_ipde": 1.0063685178756714,
    "chains_ptm": {
        "0": 0.9670119285583496,
        "1": 0.9220142960548401
    },
    "pair_chains_iptm": {
        "0": {
            "0": 0.9670119285583496,
            "1": 0.6381736993789673
        },
        "1": {
            "0": 0.8866368532180786,
            "1": 0.9220142960548401
        }
    }
}