{
    "confidence_score": 0.912652313709259,
    "ptm": 0.9632900357246399,
    "iptm": 0.9394068121910095,
    "ligand_iptm": 0.0,
    "protein_iptm": 0.9394068121910095,
    "complex_plddt": 0.9059637188911438,
    "complex_iplddt": 0.8870190978050232,
    "complex_pde": 0.3050272762775421,
    "complex_ipde": 0.6307446360588074,
    "chains_ptm": {
        "0": 0.9650229215621948,
        "1": 0.9513322114944458
    },
    "pair_chains_iptm": {
        "0": {
            "0": 0.9650229215621948,
            "1": 0.7597140669822693
        },
        "1": {
            "0": 0.9394068121910095,
            "1": 0.9513322114944458
        }
    }
}