{
    "confidence_score": 0.9296271204948425,
    "ptm": 0.9363273978233337,
    "iptm": 0.8371755480766296,
    "ligand_iptm": 0.0,
    "protein_iptm": 0.8371755480766296,
    "complex_plddt": 0.9527400732040405,
    "complex_iplddt": 0.9292148947715759,
    "complex_pde": 0.38064470887184143,
    "complex_ipde": 1.2128512859344482,
    "chains_ptm": {
        "0": 0.9425771236419678,
        "1": 0.9090720415115356
    },
    "pair_chains_iptm": {
        "0": {
            "0": 0.9425771236419678,
            "1": 0.6637035012245178
        },
        "1": {
            "0": 0.8371755480766296,
            "1": 0.9090720415115356
        }
    }
}