{
    "confidence_score": 0.8836960792541504,
    "ptm": 0.930056095123291,
    "iptm": 0.6884176135063171,
    "ligand_iptm": 0.0,
    "protein_iptm": 0.6884176135063171,
    "complex_plddt": 0.9325156807899475,
    "complex_iplddt": 0.8744835257530212,
    "complex_pde": 0.4327771067619324,
    "complex_ipde": 2.3004403114318848,
    "chains_ptm": {
        "0": 0.9444973468780518,
        "1": 0.8826953768730164
    },
    "pair_chains_iptm": {
        "0": {
            "0": 0.9444973468780518,
            "1": 0.403361976146698
        },
        "1": {
            "0": 0.6884176135063171,
            "1": 0.8826953768730164
        }
    }
}