{
    "confidence_score": 0.9191800355911255,
    "ptm": 0.9380359053611755,
    "iptm": 0.7892266511917114,
    "ligand_iptm": 0.0,
    "protein_iptm": 0.7892266511917114,
    "complex_plddt": 0.9516683220863342,
    "complex_iplddt": 0.9267271757125854,
    "complex_pde": 0.3806568682193756,
    "complex_ipde": 1.5164059400558472,
    "chains_ptm": {
        "0": 0.9470120072364807,
        "1": 0.895987868309021
    },
    "pair_chains_iptm": {
        "0": {
            "0": 0.9470120072364807,
            "1": 0.5589343309402466
        },
        "1": {
            "0": 0.7892266511917114,
            "1": 0.895987868309021
        }
    }
}