{
    "confidence_score": 0.7243018746376038,
    "ptm": 0.8720474243164062,
    "iptm": 0.8265751004219055,
    "ligand_iptm": 0.0,
    "protein_iptm": 0.8265751004219055,
    "complex_plddt": 0.6987335681915283,
    "complex_iplddt": 0.6707971692085266,
    "complex_pde": 0.6482032537460327,
    "complex_ipde": 1.9065632820129395,
    "chains_ptm": {
        "0": 0.9290521740913391,
        "1": 0.8319962024688721
    },
    "pair_chains_iptm": {
        "0": {
            "0": 0.9290521740913391,
            "1": 0.8265751004219055
        },
        "1": {
            "0": 0.8065590858459473,
            "1": 0.8319962024688721
        }
    }
}