{
    "confidence_score": 0.7005111575126648,
    "ptm": 0.7936134934425354,
    "iptm": 0.7106842994689941,
    "ligand_iptm": 0.0,
    "protein_iptm": 0.7106842994689941,
    "complex_plddt": 0.6979678869247437,
    "complex_iplddt": 0.6696954965591431,
    "complex_pde": 1.0862170457839966,
    "complex_ipde": 3.745107889175415,
    "chains_ptm": {
        "0": 0.9045552015304565,
        "1": 0.6684384942054749
    },
    "pair_chains_iptm": {
        "0": {
            "0": 0.9045552015304565,
            "1": 0.7106842994689941
        },
        "1": {
            "0": 0.6573240160942078,
            "1": 0.6684384942054749
        }
    }
}