{
    "confidence_score": 0.7117395401000977,
    "ptm": 0.7998595833778381,
    "iptm": 0.7977749109268188,
    "ligand_iptm": 0.0,
    "protein_iptm": 0.7977749109268188,
    "complex_plddt": 0.6902307271957397,
    "complex_iplddt": 0.6691573262214661,
    "complex_pde": 1.0543915033340454,
    "complex_ipde": 3.1537420749664307,
    "chains_ptm": {
        "0": 0.9087213277816772,
        "1": 0.6844391226768494
    },
    "pair_chains_iptm": {
        "0": {
            "0": 0.9087213277816772,
            "1": 0.7977749109268188
        },
        "1": {
            "0": 0.6653069257736206,
            "1": 0.6844391226768494
        }
    }
}