{
    "confidence_score": 0.6601974368095398,
    "ptm": 0.6686592102050781,
    "iptm": 0.5199446678161621,
    "ligand_iptm": 0.0,
    "protein_iptm": 0.5199446678161621,
    "complex_plddt": 0.6952605843544006,
    "complex_iplddt": 0.6403483152389526,
    "complex_pde": 1.4393330812454224,
    "complex_ipde": 5.387365341186523,
    "chains_ptm": {
        "0": 0.8390797972679138,
        "1": 0.6018576622009277
    },
    "pair_chains_iptm": {
        "0": {
            "0": 0.8390797972679138,
            "1": 0.5199446678161621
        },
        "1": {
            "0": 0.45667019486427307,
            "1": 0.6018576622009277
        }
    }
}