{
    "confidence_score": 0.6794044375419617,
    "ptm": 0.7050885558128357,
    "iptm": 0.5973153114318848,
    "ligand_iptm": 0.0,
    "protein_iptm": 0.5973153114318848,
    "complex_plddt": 0.6999266743659973,
    "complex_iplddt": 0.6534467935562134,
    "complex_pde": 1.3084501028060913,
    "complex_ipde": 4.688583850860596,
    "chains_ptm": {
        "0": 0.8641283512115479,
        "1": 0.610649585723877
    },
    "pair_chains_iptm": {
        "0": {
            "0": 0.8641283512115479,
            "1": 0.5973153114318848
        },
        "1": {
            "0": 0.5106101632118225,
            "1": 0.610649585723877
        }
    }
}