{
    "confidence_score": 0.6886513829231262,
    "ptm": 0.7429921627044678,
    "iptm": 0.709386944770813,
    "ligand_iptm": 0.0,
    "protein_iptm": 0.709386944770813,
    "complex_plddt": 0.6834675073623657,
    "complex_iplddt": 0.6552740335464478,
    "complex_pde": 1.2852015495300293,
    "complex_ipde": 3.922271251678467,
    "chains_ptm": {
        "0": 0.8818598985671997,
        "1": 0.6220049262046814
    },
    "pair_chains_iptm": {
        "0": {
            "0": 0.8818598985671997,
            "1": 0.709386944770813
        },
        "1": {
            "0": 0.5732449293136597,
            "1": 0.6220049262046814
        }
    }
}