{
    "confidence_score": 0.916080117225647,
    "ptm": 0.9298995733261108,
    "iptm": 0.8187410235404968,
    "ligand_iptm": 0.0,
    "protein_iptm": 0.8187410235404968,
    "complex_plddt": 0.9404149055480957,
    "complex_iplddt": 0.8829054832458496,
    "complex_pde": 0.42170295119285583,
    "complex_ipde": 1.628158450126648,
    "chains_ptm": {
        "0": 0.9369623064994812,
        "1": 0.8851621150970459
    },
    "pair_chains_iptm": {
        "0": {
            "0": 0.9369623064994812,
            "1": 0.526743471622467
        },
        "1": {
            "0": 0.8187410235404968,
            "1": 0.8851621150970459
        }
    }
}