{
    "confidence_score": 0.9190303683280945,
    "ptm": 0.9306953549385071,
    "iptm": 0.8277779221534729,
    "ligand_iptm": 0.0,
    "protein_iptm": 0.8277779221534729,
    "complex_plddt": 0.9418434500694275,
    "complex_iplddt": 0.8730818033218384,
    "complex_pde": 0.4173641800880432,
    "complex_ipde": 1.5509564876556396,
    "chains_ptm": {
        "0": 0.9373389482498169,
        "1": 0.9065244197845459
    },
    "pair_chains_iptm": {
        "0": {
            "0": 0.9373389482498169,
            "1": 0.5565829873085022
        },
        "1": {
            "0": 0.8277779221534729,
            "1": 0.9065244197845459
        }
    }
}