{
    "confidence_score": 0.9141322374343872,
    "ptm": 0.9437779188156128,
    "iptm": 0.8052589297294617,
    "ligand_iptm": 0.0,
    "protein_iptm": 0.8052589297294617,
    "complex_plddt": 0.941350519657135,
    "complex_iplddt": 0.8751449584960938,
    "complex_pde": 0.3835084140300751,
    "complex_ipde": 1.6541165113449097,
    "chains_ptm": {
        "0": 0.9523562788963318,
        "1": 0.8932136297225952
    },
    "pair_chains_iptm": {
        "0": {
            "0": 0.9523562788963318,
            "1": 0.5180413722991943
        },
        "1": {
            "0": 0.8052589297294617,
            "1": 0.8932136297225952
        }
    }
}