{
    "confidence_score": 0.6648340225219727,
    "ptm": 0.6946532726287842,
    "iptm": 0.5997224450111389,
    "ligand_iptm": 0.0,
    "protein_iptm": 0.5997224450111389,
    "complex_plddt": 0.6811119318008423,
    "complex_iplddt": 0.6337708830833435,
    "complex_pde": 1.4708927869796753,
    "complex_ipde": 4.575870990753174,
    "chains_ptm": {
        "0": 0.8561491370201111,
        "1": 0.5589829087257385
    },
    "pair_chains_iptm": {
        "0": {
            "0": 0.8561491370201111,
            "1": 0.5997224450111389
        },
        "1": {
            "0": 0.4858270287513733,
            "1": 0.5589829087257385
        }
    }
}