{
    "confidence_score": 0.6419851779937744,
    "ptm": 0.6375687718391418,
    "iptm": 0.46230047941207886,
    "ligand_iptm": 0.0,
    "protein_iptm": 0.46230047941207886,
    "complex_plddt": 0.6869063377380371,
    "complex_iplddt": 0.6362885236740112,
    "complex_pde": 1.6580482721328735,
    "complex_ipde": 5.524143695831299,
    "chains_ptm": {
        "0": 0.8341302275657654,
        "1": 0.5007075071334839
    },
    "pair_chains_iptm": {
        "0": {
            "0": 0.8341302275657654,
            "1": 0.46230047941207886
        },
        "1": {
            "0": 0.3831044137477875,
            "1": 0.5007075071334839
        }
    }
}