{
    "confidence_score": 0.658242404460907,
    "ptm": 0.7823143601417542,
    "iptm": 0.6638082265853882,
    "ligand_iptm": 0.0,
    "protein_iptm": 0.6638082265853882,
    "complex_plddt": 0.6568509340286255,
    "complex_iplddt": 0.6103936433792114,
    "complex_pde": 1.0360478162765503,
    "complex_ipde": 3.406735420227051,
    "chains_ptm": {
        "0": 0.9108732342720032,
        "1": 0.6643941402435303
    },
    "pair_chains_iptm": {
        "0": {
            "0": 0.9108732342720032,
            "1": 0.6638082265853882
        },
        "1": {
            "0": 0.6132933497428894,
            "1": 0.6643941402435303
        }
    }
}