{
    "confidence_score": 0.39732620120048523,
    "ptm": 0.4001127779483795,
    "iptm": 0.38157856464385986,
    "ligand_iptm": 0.0,
    "protein_iptm": 0.38157856464385986,
    "complex_plddt": 0.4012630879878998,
    "complex_iplddt": 0.39894747734069824,
    "complex_pde": 5.113565921783447,
    "complex_ipde": 6.520260810852051,
    "chains_ptm": {
        "0": 0.4185959994792938,
        "1": 0.43066930770874023
    },
    "pair_chains_iptm": {
        "0": {
            "0": 0.4185959994792938,
            "1": 0.3632785379886627
        },
        "1": {
            "0": 0.38157856464385986,
            "1": 0.43066930770874023
        }
    }
}