{
    "confidence_score": 0.4482745826244354,
    "ptm": 0.45729562640190125,
    "iptm": 0.43283572793006897,
    "ligand_iptm": 0.0,
    "protein_iptm": 0.43283572793006897,
    "complex_plddt": 0.45213428139686584,
    "complex_iplddt": 0.4430220127105713,
    "complex_pde": 4.681046962738037,
    "complex_ipde": 6.023512363433838,
    "chains_ptm": {
        "0": 0.48063644766807556,
        "1": 0.48998087644577026
    },
    "pair_chains_iptm": {
        "0": {
            "0": 0.48063644766807556,
            "1": 0.43283572793006897
        },
        "1": {
            "0": 0.4238921105861664,
            "1": 0.48998087644577026
        }
    }
}