{
    "confidence_score": 0.47093138098716736,
    "ptm": 0.48788902163505554,
    "iptm": 0.456514447927475,
    "ligand_iptm": 0.0,
    "protein_iptm": 0.456514447927475,
    "complex_plddt": 0.47453561425209045,
    "complex_iplddt": 0.4634454846382141,
    "complex_pde": 4.432565212249756,
    "complex_ipde": 5.7191267013549805,
    "chains_ptm": {
        "0": 0.4941229820251465,
        "1": 0.5332204699516296
    },
    "pair_chains_iptm": {
        "0": {
            "0": 0.4941229820251465,
            "1": 0.45396551489830017
        },
        "1": {
            "0": 0.456514447927475,
            "1": 0.5332204699516296
        }
    }
}