{
    "confidence_score": 0.563304603099823,
    "ptm": 0.5419521927833557,
    "iptm": 0.5273378491401672,
    "ligand_iptm": 0.0,
    "protein_iptm": 0.5273378491401672,
    "complex_plddt": 0.5722962617874146,
    "complex_iplddt": 0.5549837946891785,
    "complex_pde": 3.883702278137207,
    "complex_ipde": 5.151926517486572,
    "chains_ptm": {
        "0": 0.5677935481071472,
        "1": 0.5693018436431885
    },
    "pair_chains_iptm": {
        "0": {
            "0": 0.5677935481071472,
            "1": 0.5273378491401672
        },
        "1": {
            "0": 0.4965008497238159,
            "1": 0.5693018436431885
        }
    }
}