{
    "confidence_score": 0.585099995136261,
    "ptm": 0.6076745986938477,
    "iptm": 0.5765821933746338,
    "ligand_iptm": 0.0,
    "protein_iptm": 0.5765821933746338,
    "complex_plddt": 0.5872294306755066,
    "complex_iplddt": 0.5689917206764221,
    "complex_pde": 3.5409324169158936,
    "complex_ipde": 4.882659435272217,
    "chains_ptm": {
        "0": 0.630060076713562,
        "1": 0.6335392594337463
    },
    "pair_chains_iptm": {
        "0": {
            "0": 0.630060076713562,
            "1": 0.5648393034934998
        },
        "1": {
            "0": 0.5765821933746338,
            "1": 0.6335392594337463
        }
    }
}