{
    "confidence_score": 0.6688758730888367,
    "ptm": 0.7888867259025574,
    "iptm": 0.7644548416137695,
    "ligand_iptm": 0.0,
    "protein_iptm": 0.7644548416137695,
    "complex_plddt": 0.6449810862541199,
    "complex_iplddt": 0.6278223395347595,
    "complex_pde": 1.9192661046981812,
    "complex_ipde": 2.7830631732940674,
    "chains_ptm": {
        "0": 0.8065453767776489,
        "1": 0.8151063919067383
    },
    "pair_chains_iptm": {
        "0": {
            "0": 0.8065453767776489,
            "1": 0.7644548416137695
        },
        "1": {
            "0": 0.7607439756393433,
            "1": 0.8151063919067383
        }
    }
}