{
    "confidence_score": 0.8291244506835938,
    "ptm": 0.9323330521583557,
    "iptm": 0.6181119680404663,
    "ligand_iptm": 0.0,
    "protein_iptm": 0.6181119680404663,
    "complex_plddt": 0.881877601146698,
    "complex_iplddt": 0.843985378742218,
    "complex_pde": 0.46088671684265137,
    "complex_ipde": 2.9533820152282715,
    "chains_ptm": {
        "0": 0.9506753087043762,
        "1": 0.8315913081169128
    },
    "pair_chains_iptm": {
        "0": {
            "0": 0.9506753087043762,
            "1": 0.3627585172653198
        },
        "1": {
            "0": 0.6181119680404663,
            "1": 0.8315913081169128
        }
    }
}