{
    "confidence_score": 0.8150877356529236,
    "ptm": 0.92588210105896,
    "iptm": 0.5876274108886719,
    "ligand_iptm": 0.0,
    "protein_iptm": 0.5876274108886719,
    "complex_plddt": 0.8719527721405029,
    "complex_iplddt": 0.8220263123512268,
    "complex_pde": 0.4831613004207611,
    "complex_ipde": 3.0156147480010986,
    "chains_ptm": {
        "0": 0.9450802803039551,
        "1": 0.8033269643783569
    },
    "pair_chains_iptm": {
        "0": {
            "0": 0.9450802803039551,
            "1": 0.36378347873687744
        },
        "1": {
            "0": 0.5876274108886719,
            "1": 0.8033269643783569
        }
    }
}