{
    "confidence_score": 0.8091792464256287,
    "ptm": 0.9245240688323975,
    "iptm": 0.5609663724899292,
    "ligand_iptm": 0.0,
    "protein_iptm": 0.5609663724899292,
    "complex_plddt": 0.8712324500083923,
    "complex_iplddt": 0.8259639739990234,
    "complex_pde": 0.5015457272529602,
    "complex_ipde": 3.3502068519592285,
    "chains_ptm": {
        "0": 0.9450364112854004,
        "1": 0.8190915584564209
    },
    "pair_chains_iptm": {
        "0": {
            "0": 0.9450364112854004,
            "1": 0.3264539837837219
        },
        "1": {
            "0": 0.5609663724899292,
            "1": 0.8190915584564209
        }
    }
}