{
    "confidence_score": 0.40199074149131775,
    "ptm": 0.373757928609848,
    "iptm": 0.3573971390724182,
    "ligand_iptm": 0.0,
    "protein_iptm": 0.3573971390724182,
    "complex_plddt": 0.41313913464546204,
    "complex_iplddt": 0.403065949678421,
    "complex_pde": 5.183059215545654,
    "complex_ipde": 6.72484016418457,
    "chains_ptm": {
        "0": 0.38372603058815,
        "1": 0.4103694260120392
    },
    "pair_chains_iptm": {
        "0": {
            "0": 0.38372603058815,
            "1": 0.33288395404815674
        },
        "1": {
            "0": 0.3573971390724182,
            "1": 0.4103694260120392
        }
    }
}