{
    "confidence_score": 0.45554119348526,
    "ptm": 0.3829008936882019,
    "iptm": 0.36611616611480713,
    "ligand_iptm": 0.0,
    "protein_iptm": 0.36611616611480713,
    "complex_plddt": 0.47789743542671204,
    "complex_iplddt": 0.47529157996177673,
    "complex_pde": 4.950646877288818,
    "complex_ipde": 6.442077159881592,
    "chains_ptm": {
        "0": 0.41379305720329285,
        "1": 0.40266355872154236
    },
    "pair_chains_iptm": {
        "0": {
            "0": 0.41379305720329285,
            "1": 0.36611616611480713
        },
        "1": {
            "0": 0.3321974575519562,
            "1": 0.40266355872154236
        }
    }
}