{
    "confidence_score": 0.5227972865104675,
    "ptm": 0.4073980748653412,
    "iptm": 0.38646960258483887,
    "ligand_iptm": 0.0,
    "protein_iptm": 0.38646960258483887,
    "complex_plddt": 0.5568791627883911,
    "complex_iplddt": 0.5444661378860474,
    "complex_pde": 4.614330291748047,
    "complex_ipde": 6.001774787902832,
    "chains_ptm": {
        "0": 0.4255921542644501,
        "1": 0.4413391947746277
    },
    "pair_chains_iptm": {
        "0": {
            "0": 0.4255921542644501,
            "1": 0.37421607971191406
        },
        "1": {
            "0": 0.38646960258483887,
            "1": 0.4413391947746277
        }
    }
}