{
    "confidence_score": 0.6006259918212891,
    "ptm": 0.6214023232460022,
    "iptm": 0.1286093145608902,
    "ligand_iptm": 0.0,
    "protein_iptm": 0.1286093145608902,
    "complex_plddt": 0.7186301350593567,
    "complex_iplddt": 0.6987283825874329,
    "complex_pde": 1.4909119606018066,
    "complex_ipde": 9.449743270874023,
    "chains_ptm": {
        "0": 0.9267106056213379,
        "1": 0.5595329999923706
    },
    "pair_chains_iptm": {
        "0": {
            "0": 0.9267106056213379,
            "1": 0.12844431400299072
        },
        "1": {
            "0": 0.1286093145608902,
            "1": 0.5595329999923706
        }
    }
}