{
    "confidence_score": 0.5783066153526306,
    "ptm": 0.3904116451740265,
    "iptm": 0.10944367945194244,
    "ligand_iptm": 0.0,
    "protein_iptm": 0.10944367945194244,
    "complex_plddt": 0.6955223083496094,
    "complex_iplddt": 0.6390183568000793,
    "complex_pde": 2.2033889293670654,
    "complex_ipde": 10.088366508483887,
    "chains_ptm": {
        "0": 0.5716690421104431,
        "1": 0.5536123514175415
    },
    "pair_chains_iptm": {
        "0": {
            "0": 0.5716690421104431,
            "1": 0.10944367945194244
        },
        "1": {
            "0": 0.09949851036071777,
            "1": 0.5536123514175415
        }
    }
}