{
    "confidence_score": 0.5655600428581238,
    "ptm": 0.3201349377632141,
    "iptm": 0.109667107462883,
    "ligand_iptm": 0.0,
    "protein_iptm": 0.109667107462883,
    "complex_plddt": 0.6795333027839661,
    "complex_iplddt": 0.6091651916503906,
    "complex_pde": 2.510279417037964,
    "complex_ipde": 9.920891761779785,
    "chains_ptm": {
        "0": 0.45819658041000366,
        "1": 0.5099869966506958
    },
    "pair_chains_iptm": {
        "0": {
            "0": 0.45819658041000366,
            "1": 0.109667107462883
        },
        "1": {
            "0": 0.09958412498235703,
            "1": 0.5099869966506958
        }
    }
}