{
    "confidence_score": 0.5899986624717712,
    "ptm": 0.614942193031311,
    "iptm": 0.10399545729160309,
    "ligand_iptm": 0.0,
    "protein_iptm": 0.10399545729160309,
    "complex_plddt": 0.7114994525909424,
    "complex_iplddt": 0.669887363910675,
    "complex_pde": 1.524314522743225,
    "complex_ipde": 10.122830390930176,
    "chains_ptm": {
        "0": 0.9327089786529541,
        "1": 0.5734648704528809
    },
    "pair_chains_iptm": {
        "0": {
            "0": 0.9327089786529541,
            "1": 0.09874442219734192
        },
        "1": {
            "0": 0.10399545729160309,
            "1": 0.5734648704528809
        }
    }
}