{
    "confidence_score": 0.6042641997337341,
    "ptm": 0.5369557738304138,
    "iptm": 0.13088414072990417,
    "ligand_iptm": 0.0,
    "protein_iptm": 0.13088414072990417,
    "complex_plddt": 0.7226091623306274,
    "complex_iplddt": 0.6866350769996643,
    "complex_pde": 1.692912220954895,
    "complex_ipde": 9.573878288269043,
    "chains_ptm": {
        "0": 0.7941224575042725,
        "1": 0.633880078792572
    },
    "pair_chains_iptm": {
        "0": {
            "0": 0.7941224575042725,
            "1": 0.13088414072990417
        },
        "1": {
            "0": 0.11631684005260468,
            "1": 0.633880078792572
        }
    }
}