{
    "confidence_score": 0.6571046710014343,
    "ptm": 0.6723800897598267,
    "iptm": 0.49369579553604126,
    "ligand_iptm": 0.0,
    "protein_iptm": 0.49369579553604126,
    "complex_plddt": 0.6979568600654602,
    "complex_iplddt": 0.6321090459823608,
    "complex_pde": 1.5327237844467163,
    "complex_ipde": 6.30391788482666,
    "chains_ptm": {
        "0": 0.9076195359230042,
        "1": 0.5213121175765991
    },
    "pair_chains_iptm": {
        "0": {
            "0": 0.9076195359230042,
            "1": 0.49369579553604126
        },
        "1": {
            "0": 0.3678456246852875,
            "1": 0.5213121175765991
        }
    }
}