{
    "confidence_score": 0.7088493704795837,
    "ptm": 0.7268987894058228,
    "iptm": 0.6681578159332275,
    "ligand_iptm": 0.0,
    "protein_iptm": 0.6681578159332275,
    "complex_plddt": 0.7190222144126892,
    "complex_iplddt": 0.6681260466575623,
    "complex_pde": 1.2694882154464722,
    "complex_ipde": 4.700772762298584,
    "chains_ptm": {
        "0": 0.9243243932723999,
        "1": 0.5705884099006653
    },
    "pair_chains_iptm": {
        "0": {
            "0": 0.9243243932723999,
            "1": 0.6681578159332275
        },
        "1": {
            "0": 0.4734421372413635,
            "1": 0.5705884099006653
        }
    }
}