{
    "confidence_score": 0.6851081848144531,
    "ptm": 0.6674481630325317,
    "iptm": 0.5570694208145142,
    "ligand_iptm": 0.0,
    "protein_iptm": 0.5570694208145142,
    "complex_plddt": 0.7171179056167603,
    "complex_iplddt": 0.6672408580780029,
    "complex_pde": 1.5378137826919556,
    "complex_ipde": 5.6703314781188965,
    "chains_ptm": {
        "0": 0.8637322783470154,
        "1": 0.5402101874351501
    },
    "pair_chains_iptm": {
        "0": {
            "0": 0.8637322783470154,
            "1": 0.5570694208145142
        },
        "1": {
            "0": 0.4167787432670593,
            "1": 0.5402101874351501
        }
    }
}